account_id,branch_code,freeze_date,next_open_date,gap_days,is_mule,label_group
ACCT_121941,1040,2022-02-26,2023-07-02,491,0,Legit
ACCT_090982,1043,2023-01-08,2023-02-06,29,0,Legit
ACCT_155513,1047,2023-03-30,2023-10-07,191,0,Legit
ACCT_020057,1063,2024-03-09,2024-03-31,22,,Unlabeled
ACCT_037112,1066,2023-12-16,2024-01-15,30,,Unlabeled
ACCT_053063,1092,2022-06-10,2023-01-09,213,,Unlabeled
ACCT_047255,1098,2022-10-16,2023-01-19,95,0,Legit
ACCT_136378,1109,2022-07-18,2023-09-23,432,0,Legit
ACCT_091731,1110,2022-02-09,2023-12-14,673,0,Legit
ACCT_018913,1114,2023-08-17,2023-09-17,31,0,Legit
ACCT_060146,1115,2023-06-28,2023-08-09,42,0,Legit
ACCT_194181,1122,2022-10-26,2023-09-06,315,0,Legit
ACCT_083622,1132,2022-08-08,2023-02-15,191,,Unlabeled
ACCT_099664,1149,2021-09-20,2023-02-23,521,0,Legit
ACCT_186600,1153,2023-07-30,2023-10-25,87,0,Legit
ACCT_048153,1196,2023-04-27,2023-07-21,85,0,Legit
ACCT_041005,1231,2023-05-11,2024-11-29,568,0,Legit
ACCT_064572,1235,2022-05-15,2022-10-01,139,0,Legit
ACCT_133109,1237,2022-04-12,2023-02-04,298,0,Legit
ACCT_019319,1240,2023-08-25,2023-10-10,46,0,Legit
ACCT_014126,1272,2024-06-10,2024-07-31,51,0,Legit
ACCT_062970,1272,2024-02-25,2024-07-31,157,0,Legit
ACCT_116670,1275,2021-09-17,2023-01-30,500,,Unlabeled
ACCT_154605,1275,2023-05-13,2023-10-30,170,,Unlabeled
ACCT_042691,1285,2025-04-15,2025-05-07,22,1,Mule
ACCT_040211,1300,2021-12-18,2023-02-09,418,,Unlabeled
ACCT_106606,1300,2022-11-07,2023-02-09,94,0,Legit
ACCT_041590,1312,2022-01-06,2022-11-20,318,0,Legit
ACCT_150152,1339,2022-02-14,2023-08-16,548,,Unlabeled
ACCT_175119,1348,2022-09-13,2023-01-12,121,0,Legit
ACCT_078675,1351,2022-09-22,2023-01-01,101,0,Legit
ACCT_196224,1353,2021-08-22,2023-02-03,530,,Unlabeled
ACCT_043630,1364,2021-09-17,2022-03-01,165,0,Legit
ACCT_078288,1383,2024-01-31,2024-11-04,278,0,Legit
ACCT_019056,1384,2023-07-28,2023-10-20,84,0,Legit
ACCT_080145,1391,2023-10-09,2023-11-07,29,,Unlabeled
ACCT_140626,1402,2021-08-11,2023-01-25,532,,Unlabeled
ACCT_192944,1409,2023-05-05,2023-05-06,1,0,Legit
ACCT_167706,1411,2022-09-05,2023-07-23,321,,Unlabeled
ACCT_123835,1443,2023-02-07,2023-04-05,57,,Unlabeled
ACCT_024681,1444,2023-06-30,2023-09-02,64,0,Legit
ACCT_161285,1446,2025-04-01,2025-06-07,67,0,Legit
ACCT_061008,1449,2021-11-29,2023-01-29,426,,Unlabeled
ACCT_043927,1455,2023-05-29,2023-09-22,116,0,Legit
ACCT_190235,1458,2021-07-21,2023-01-06,534,0,Legit
ACCT_078104,1474,2023-06-12,2023-09-17,97,0,Legit
ACCT_189057,1477,2024-04-30,2024-11-02,186,0,Legit
ACCT_094602,1490,2023-03-17,2023-08-11,147,0,Legit
ACCT_054217,1492,2023-04-17,2023-04-26,9,0,Legit
ACCT_071147,1492,2023-04-27,2023-06-01,35,0,Legit
ACCT_059575,1493,2022-10-21,2023-01-24,95,0,Legit
ACCT_034559,1497,2023-04-22,2023-04-24,2,,Unlabeled
ACCT_119629,1501,2022-09-08,2023-08-11,337,,Unlabeled
ACCT_078796,1518,2021-10-22,2022-05-13,203,,Unlabeled
ACCT_158915,1529,2022-04-16,2022-09-24,161,0,Legit
ACCT_079959,1530,2023-10-28,2024-05-09,194,0,Legit
ACCT_190454,1534,2022-09-05,2023-01-24,141,0,Legit
ACCT_074369,1542,2024-01-30,2024-03-04,34,0,Legit
ACCT_031832,1545,2024-04-19,2025-02-10,297,0,Legit
ACCT_160594,1570,2023-05-27,2023-06-08,12,0,Legit
ACCT_114195,1576,2022-04-24,2023-06-04,406,,Unlabeled
ACCT_154923,1593,2023-04-08,2023-06-12,65,,Unlabeled
ACCT_159694,1594,2022-09-17,2023-01-03,108,,Unlabeled
ACCT_145622,1598,2022-01-21,2023-05-19,483,,Unlabeled
ACCT_175261,1613,2021-11-16,2023-04-12,512,0,Legit
ACCT_094294,1616,2024-10-21,2025-05-24,215,1,Mule
ACCT_199000,1617,2022-12-25,2023-07-25,212,,Unlabeled
ACCT_086444,1629,2023-05-30,2023-07-09,40,,Unlabeled
ACCT_125120,1638,2023-01-29,2023-05-03,94,,Unlabeled
ACCT_159622,1658,2023-08-19,2023-09-15,27,0,Legit
ACCT_073755,1659,2023-12-20,2024-07-23,216,0,Legit
ACCT_043886,1661,2024-06-29,2024-08-13,45,,Unlabeled
ACCT_050411,1684,2023-01-18,2023-05-03,105,,Unlabeled
ACCT_097544,1686,2023-09-18,2024-07-10,296,0,Legit
ACCT_049861,1689,2023-06-18,2023-08-25,68,0,Legit
ACCT_076703,1697,2022-02-26,2023-04-19,417,0,Legit
ACCT_167884,1703,2023-04-15,2023-12-18,247,0,Legit
ACCT_078376,1704,2024-07-27,2025-05-24,301,1,Mule
ACCT_107796,1707,2021-08-28,2023-01-06,496,0,Legit
ACCT_007006,1726,2024-03-26,2025-04-19,389,,Unlabeled
ACCT_087946,1726,2024-05-11,2025-04-19,343,,Unlabeled
ACCT_059529,1755,2023-02-05,2023-02-20,15,,Unlabeled
ACCT_021160,1756,2023-02-04,2023-11-09,278,0,Legit
ACCT_139377,1757,2022-08-27,2023-02-05,162,0,Legit
ACCT_122198,1764,2023-01-11,2023-12-12,335,,Unlabeled
ACCT_003589,1766,2023-06-23,2023-11-28,158,,Unlabeled
ACCT_076099,1795,2024-01-06,2024-04-11,96,,Unlabeled
ACCT_157613,1815,2024-01-24,2024-08-14,203,,Unlabeled
ACCT_099147,1819,2023-04-19,2023-06-09,51,,Unlabeled
ACCT_084454,1822,2023-12-05,2023-12-13,8,0,Legit
ACCT_147055,1850,2021-10-31,2022-02-14,106,0,Legit
ACCT_181792,1852,2023-10-23,2025-05-22,577,0,Legit
ACCT_173717,1864,2023-07-24,2023-10-17,85,,Unlabeled
ACCT_136384,1889,2024-01-22,2024-04-17,86,0,Legit
ACCT_106087,1917,2022-12-02,2023-08-05,246,0,Legit
ACCT_173006,1919,2023-12-24,2024-11-26,338,0,Legit
ACCT_143793,1922,2022-08-16,2023-03-30,226,,Unlabeled
ACCT_038963,1924,2022-10-01,2023-07-23,295,0,Legit
ACCT_072040,1926,2023-10-08,2024-01-26,110,0,Legit
ACCT_092927,1965,2024-04-27,2025-02-07,286,0,Legit
ACCT_075611,1972,2024-06-19,2024-10-30,133,0,Legit
ACCT_188822,1986,2024-01-27,2025-04-13,442,0,Legit
ACCT_142092,1989,2022-08-13,2023-03-27,226,0,Legit
ACCT_108111,1996,2021-10-28,2022-03-14,137,,Unlabeled
ACCT_090582,2000,2023-08-14,2023-09-14,31,0,Legit
ACCT_032963,2033,2023-10-31,2023-11-21,21,,Unlabeled
ACCT_197758,2045,2021-07-07,2023-06-14,707,,Unlabeled
ACCT_147410,2047,2022-08-09,2023-01-23,167,0,Legit
ACCT_009283,2056,2023-01-25,2023-02-18,24,0,Legit
ACCT_080448,2062,2023-02-19,2023-05-24,94,,Unlabeled
ACCT_184171,2062,2022-05-02,2023-05-24,387,0,Legit
ACCT_032208,2078,2022-07-22,2023-05-19,301,,Unlabeled
ACCT_127245,2082,2023-01-14,2023-05-17,123,0,Legit
ACCT_062532,2107,2022-08-06,2023-04-22,259,0,Legit
ACCT_003057,2108,2021-07-01,2023-01-21,569,,Unlabeled
ACCT_165843,2108,2022-04-22,2023-01-21,274,,Unlabeled
ACCT_069804,2124,2023-04-23,2024-04-18,361,0,Legit
ACCT_130597,2131,2023-07-03,2023-10-21,110,,Unlabeled
ACCT_088403,2134,2022-11-25,2023-05-01,157,0,Legit
ACCT_157009,2143,2023-03-21,2023-04-21,31,,Unlabeled
ACCT_022669,2175,2023-06-02,2024-06-21,385,,Unlabeled
ACCT_003803,2212,2021-11-01,2023-03-07,491,0,Legit
ACCT_091223,2213,2023-02-14,2023-08-16,183,,Unlabeled
ACCT_174608,2216,2022-05-18,2023-07-07,415,,Unlabeled
ACCT_001747,2238,2023-11-18,2023-12-09,21,0,Legit
ACCT_048140,2254,2024-01-16,2024-10-24,282,0,Legit
ACCT_017933,2263,2023-09-16,2024-02-03,140,0,Legit
ACCT_050068,2268,2022-12-17,2023-01-05,19,0,Legit
ACCT_127318,2288,2022-11-12,2023-03-20,128,,Unlabeled
ACCT_147219,2288,2024-01-05,2024-07-28,205,0,Legit
ACCT_113747,2293,2022-01-20,2022-04-23,93,0,Legit
ACCT_152096,2295,2022-09-05,2023-09-04,364,0,Legit
ACCT_098963,2300,2021-10-23,2023-03-10,503,0,Legit
ACCT_050449,2302,2023-09-07,2024-01-30,145,,Unlabeled
ACCT_161000,2308,2022-02-27,2023-07-14,502,0,Legit
ACCT_031375,2313,2023-07-24,2023-09-22,60,0,Legit
ACCT_057915,2325,2023-12-16,2024-06-06,173,0,Legit
ACCT_055912,2348,2024-09-11,2025-02-11,153,1,Mule
ACCT_196038,2348,2023-11-25,2024-03-02,98,0,Legit
ACCT_169942,2353,2023-12-12,2024-07-12,213,,Unlabeled
ACCT_059733,2357,2022-09-03,2023-01-12,131,,Unlabeled
ACCT_167885,2365,2022-07-11,2023-07-19,373,0,Legit
ACCT_002415,2369,2022-01-21,2023-03-18,421,,Unlabeled
ACCT_005967,2375,2022-04-05,2023-03-12,341,,Unlabeled
ACCT_091897,2383,2022-09-24,2023-02-23,152,0,Legit
ACCT_150637,2395,2022-08-03,2023-06-17,318,0,Legit
ACCT_134604,2410,2023-01-20,2023-01-22,2,0,Legit
ACCT_045183,2421,2024-02-07,2024-11-02,269,0,Legit
ACCT_097098,2423,2022-02-27,2022-10-16,231,0,Legit
ACCT_087435,2427,2022-01-04,2023-01-03,364,0,Legit
ACCT_109198,2449,2022-12-23,2023-01-09,17,,Unlabeled
ACCT_066696,2460,2021-08-03,2023-05-15,650,0,Legit
ACCT_064898,2461,2023-02-02,2023-02-14,12,,Unlabeled
ACCT_149272,2463,2021-11-21,2023-05-21,546,0,Legit
ACCT_054715,2474,2023-07-15,2023-09-22,69,,Unlabeled
ACCT_096884,2476,2022-05-04,2023-01-12,253,0,Legit
ACCT_188913,2478,2024-11-14,2025-05-11,178,0,Legit
ACCT_195824,2497,2023-11-26,2023-12-20,24,0,Legit
ACCT_013220,2502,2023-06-06,2023-12-05,182,,Unlabeled
ACCT_043168,2513,2023-08-09,2023-08-14,5,0,Legit
ACCT_031985,2517,2022-08-23,2023-02-26,187,0,Legit
ACCT_103622,2518,2023-05-29,2024-01-25,241,0,Legit
ACCT_191916,2542,2022-08-23,2023-02-06,167,0,Legit
ACCT_115918,2568,2024-01-02,2024-05-19,138,0,Legit
ACCT_048238,2574,2022-09-14,2023-01-14,122,0,Legit
ACCT_179196,2584,2023-06-07,2023-10-23,138,0,Legit
ACCT_057581,2620,2023-01-23,2023-02-12,20,0,Legit
ACCT_020414,2621,2021-08-30,2023-01-11,499,0,Legit
ACCT_109301,2622,2021-10-12,2022-09-03,326,,Unlabeled
ACCT_138519,2637,2022-08-10,2023-06-25,319,,Unlabeled
ACCT_134187,2655,2023-04-02,2023-10-11,192,0,Legit
ACCT_016224,2657,2023-04-15,2023-08-22,129,0,Legit
ACCT_060242,2660,2022-10-11,2023-03-28,168,0,Legit
ACCT_150774,2671,2023-10-21,2024-03-31,162,,Unlabeled
ACCT_052320,2675,2024-03-05,2024-12-12,282,0,Legit
ACCT_111966,2711,2022-03-03,2022-07-01,120,0,Legit
ACCT_107487,2713,2024-12-15,2025-04-02,108,0,Legit
ACCT_128007,2720,2022-10-21,2022-11-11,21,,Unlabeled
ACCT_147281,2725,2023-07-18,2023-12-28,163,0,Legit
ACCT_070005,2741,2024-12-03,2025-01-20,48,0,Legit
ACCT_047547,2744,2021-12-21,2023-01-23,398,0,Legit
ACCT_147863,2750,2022-05-27,2023-02-22,271,,Unlabeled
ACCT_110056,2758,2022-07-18,2022-09-28,72,0,Legit
ACCT_006600,2767,2023-04-03,2023-09-04,154,,Unlabeled
ACCT_107762,2783,2022-08-20,2023-04-10,233,0,Legit
ACCT_151378,2792,2022-12-07,2023-08-20,256,,Unlabeled
ACCT_017895,2793,2023-05-02,2023-09-28,149,0,Legit
ACCT_071413,2832,2023-07-22,2023-12-19,150,,Unlabeled
ACCT_089654,2846,2022-01-19,2023-01-28,374,0,Legit
ACCT_178139,2847,2024-09-24,2024-12-02,69,1,Mule
ACCT_027790,2858,2022-04-17,2023-01-10,268,,Unlabeled
ACCT_111342,2861,2022-02-02,2023-01-05,337,0,Legit
ACCT_042285,2864,2022-04-02,2023-02-24,328,0,Legit
ACCT_081989,2866,2023-02-17,2023-04-18,60,,Unlabeled
ACCT_112473,2869,2022-09-15,2022-09-23,8,0,Legit
ACCT_056209,2872,2023-02-05,2023-05-03,87,0,Legit
ACCT_018245,2888,2022-04-15,2023-02-04,295,0,Legit
ACCT_060505,2896,2023-09-06,2023-11-08,63,,Unlabeled
ACCT_177330,2898,2023-12-02,2024-10-28,331,0,Legit
ACCT_044338,2900,2024-01-16,2024-11-14,303,0,Legit
ACCT_085553,2900,2022-07-05,2023-04-13,282,0,Legit
ACCT_063502,2917,2024-05-07,2025-03-27,324,0,Legit
ACCT_049715,2920,2023-09-17,2023-11-30,74,0,Legit
ACCT_089120,2922,2021-10-14,2023-03-10,512,0,Legit
ACCT_006268,2927,2021-11-09,2023-12-08,759,,Unlabeled
ACCT_157199,2930,2022-03-16,2023-02-06,327,,Unlabeled
ACCT_039144,2935,2023-06-02,2023-08-25,84,,Unlabeled
ACCT_045391,2947,2023-10-17,2023-10-23,6,0,Legit
ACCT_051552,2965,2024-01-15,2024-09-20,249,0,Legit
ACCT_163746,2965,2021-09-19,2022-08-26,341,0,Legit
ACCT_094769,2966,2023-07-07,2023-07-26,19,0,Legit
ACCT_093336,2974,2022-07-01,2022-10-07,98,0,Legit
ACCT_028233,2976,2022-09-15,2023-01-31,138,0,Legit
ACCT_157619,3008,2022-09-04,2023-04-16,224,0,Legit
ACCT_108638,3015,2021-07-29,2022-10-21,449,,Unlabeled
ACCT_075728,3020,2022-08-16,2022-10-30,75,0,Legit
ACCT_103899,3030,2022-11-16,2023-03-20,124,0,Legit
ACCT_018259,3051,2021-07-12,2023-02-07,575,,Unlabeled
ACCT_126844,3051,2022-02-03,2023-02-07,369,,Unlabeled
ACCT_084313,3075,2022-09-18,2023-11-19,427,,Unlabeled
ACCT_109259,3079,2021-10-17,2022-04-17,182,0,Legit
ACCT_133376,3081,2021-10-19,2022-04-20,183,0,Legit
ACCT_148863,3083,2022-05-16,2022-12-09,207,,Unlabeled
ACCT_050620,3096,2021-09-03,2023-02-25,540,0,Legit
ACCT_057643,3131,2022-11-14,2023-01-14,61,0,Legit
ACCT_077985,3134,2023-02-06,2023-08-12,187,0,Legit
ACCT_187387,3137,2022-11-22,2022-12-23,31,0,Legit
ACCT_051611,3143,2022-07-08,2023-04-07,273,0,Legit
ACCT_082452,3155,2021-11-27,2023-06-07,557,0,Legit
ACCT_097579,3158,2022-11-12,2023-10-11,333,,Unlabeled
ACCT_166663,3175,2023-05-22,2023-06-18,27,,Unlabeled
ACCT_106738,3192,2022-07-14,2023-07-15,366,0,Legit
ACCT_162428,3196,2022-06-08,2023-05-17,343,0,Legit
ACCT_042061,3201,2023-03-14,2023-04-23,40,,Unlabeled
ACCT_104382,3209,2022-04-22,2022-10-29,190,0,Legit
ACCT_011506,3210,2023-08-27,2023-09-02,6,0,Legit
ACCT_058930,3226,2023-05-08,2024-07-06,425,0,Legit
ACCT_130870,3249,2024-01-15,2024-09-28,257,,Unlabeled
ACCT_108861,3254,2023-06-12,2023-08-23,72,0,Legit
ACCT_125746,3264,2023-03-05,2023-04-16,42,0,Legit
ACCT_148582,3271,2022-09-25,2023-01-20,117,0,Legit
ACCT_078036,3295,2022-08-14,2023-03-25,223,0,Legit
ACCT_169282,3298,2022-11-10,2024-09-07,667,0,Legit
ACCT_001955,3300,2022-07-14,2023-01-18,188,0,Legit
ACCT_068963,3300,2023-08-25,2023-10-01,37,0,Legit
ACCT_168182,3306,2021-10-18,2022-11-04,382,0,Legit
ACCT_036028,3315,2022-12-08,2024-04-21,500,0,Legit
ACCT_002716,3338,2023-05-05,2023-12-01,210,0,Legit
ACCT_131539,3339,2023-09-08,2025-04-06,576,,Unlabeled
ACCT_170495,3352,2022-07-14,2023-02-01,202,,Unlabeled
ACCT_070272,3354,2022-01-02,2023-01-24,387,,Unlabeled
ACCT_089453,3363,2021-12-02,2022-07-05,215,0,Legit
ACCT_045411,3368,2022-06-30,2022-08-26,57,0,Legit
ACCT_194355,3371,2023-11-10,2023-12-25,45,0,Legit
ACCT_004332,3375,2021-11-28,2022-03-27,119,,Unlabeled
ACCT_103136,3375,2023-02-28,2023-08-14,167,,Unlabeled
ACCT_026267,3383,2023-02-19,2023-03-03,12,0,Legit
ACCT_199048,3391,2022-04-11,2022-04-23,12,0,Legit
ACCT_015602,3430,2023-08-23,2023-11-08,77,0,Legit
ACCT_065092,3432,2023-10-29,2023-11-04,6,,Unlabeled
ACCT_123939,3456,2023-01-18,2024-07-04,533,0,Legit
ACCT_108352,3499,2023-08-08,2023-08-12,4,0,Legit
ACCT_068052,3516,2023-09-21,2023-10-16,25,,Unlabeled
ACCT_062909,3519,2022-02-21,2022-05-22,90,,Unlabeled
ACCT_016771,3525,2022-01-15,2022-04-29,104,,Unlabeled
ACCT_175713,3534,2022-08-13,2023-07-16,337,0,Legit
ACCT_149360,3540,2022-12-21,2023-01-11,21,0,Legit
ACCT_092367,3565,2022-11-30,2023-01-07,38,0,Legit
ACCT_153096,3581,2023-10-27,2023-11-18,22,0,Legit
ACCT_056808,3599,2023-05-23,2023-06-14,22,,Unlabeled
ACCT_164242,3610,2021-08-12,2021-08-21,9,,Unlabeled
ACCT_196715,3610,2022-09-14,2023-05-02,230,0,Legit
ACCT_084478,3612,2023-04-26,2023-05-18,22,0,Legit
ACCT_055414,3635,2022-07-03,2023-01-24,205,,Unlabeled
ACCT_120818,3646,2022-03-11,2023-04-04,389,0,Legit
ACCT_010630,3652,2023-06-01,2023-06-22,21,0,Legit
ACCT_165570,3658,2023-04-12,2023-07-17,96,0,Legit
ACCT_061849,3664,2022-10-10,2023-01-25,107,,Unlabeled
ACCT_102288,3670,2021-08-14,2023-03-18,581,0,Legit
ACCT_067843,3672,2023-01-22,2023-09-17,238,0,Legit
ACCT_069979,3675,2021-12-21,2023-01-04,379,0,Legit
ACCT_042072,3682,2024-05-18,2025-03-31,317,,Unlabeled
ACCT_142332,3702,2022-02-10,2023-02-05,360,,Unlabeled
ACCT_131854,3703,2023-01-07,2023-05-01,114,,Unlabeled
ACCT_193488,3704,2023-02-19,2023-04-22,62,,Unlabeled
ACCT_043509,3719,2024-05-06,2024-11-06,184,0,Legit
ACCT_081230,3726,2023-07-10,2023-08-28,49,,Unlabeled
ACCT_058673,3762,2024-05-31,2024-11-26,179,,Unlabeled
ACCT_002991,3765,2022-08-19,2023-05-21,275,,Unlabeled
ACCT_024973,3775,2024-02-26,2024-07-28,153,,Unlabeled
ACCT_192600,3779,2022-10-07,2022-12-26,80,,Unlabeled
ACCT_120521,3780,2023-09-22,2023-11-04,43,0,Legit
ACCT_101699,3790,2024-04-12,2024-11-16,218,,Unlabeled
ACCT_074712,3820,2024-04-01,2025-05-08,402,0,Legit
ACCT_092354,3820,2024-05-15,2025-05-08,358,,Unlabeled
ACCT_026765,3836,2023-07-20,2023-12-16,149,0,Legit
ACCT_118582,3864,2023-01-16,2023-09-12,239,0,Legit
ACCT_009620,3871,2022-12-02,2023-04-11,130,1,Mule
ACCT_054913,3872,2022-05-10,2023-03-17,311,0,Legit
ACCT_055690,3874,2021-11-23,2023-08-03,618,,Unlabeled
ACCT_100613,3898,2021-11-19,2023-02-06,444,0,Legit
ACCT_082409,3899,2022-07-31,2023-03-25,237,,Unlabeled
ACCT_063660,3902,2023-08-25,2023-10-10,46,,Unlabeled
ACCT_107596,3932,2023-03-13,2023-11-14,246,0,Legit
ACCT_059457,3936,2023-03-19,2023-07-19,122,0,Legit
ACCT_061157,3943,2023-02-20,2023-04-06,45,0,Legit
ACCT_002815,3945,2022-01-27,2023-03-31,428,,Unlabeled
ACCT_063305,3945,2024-02-16,2024-12-06,294,0,Legit
ACCT_072018,3948,2021-07-03,2022-09-04,428,,Unlabeled
ACCT_160380,3968,2023-04-23,2023-08-19,118,0,Legit
ACCT_031353,3984,2022-12-21,2023-03-19,88,0,Legit
ACCT_097016,4006,2022-07-09,2022-12-22,166,0,Legit
ACCT_102845,4007,2021-11-09,2023-04-16,523,0,Legit
ACCT_133617,4008,2022-01-03,2023-01-09,371,,Unlabeled
ACCT_176663,4009,2023-01-14,2023-07-27,194,0,Legit
ACCT_040284,4029,2023-06-11,2023-08-18,68,0,Legit
ACCT_172957,4037,2022-07-05,2023-03-15,253,0,Legit
ACCT_140112,4048,2021-11-09,2023-04-20,527,0,Legit
ACCT_111028,4049,2022-08-25,2023-01-17,145,,Unlabeled
ACCT_046714,4052,2022-11-16,2023-06-11,207,,Unlabeled
ACCT_121858,4054,2022-08-20,2023-04-23,246,0,Legit
ACCT_181732,4088,2023-04-26,2023-04-30,4,0,Legit
ACCT_053055,4091,2024-11-02,2025-01-06,65,1,Mule
ACCT_094391,4114,2023-04-30,2023-07-25,86,,Unlabeled
ACCT_146742,4123,2022-02-02,2023-02-05,368,0,Legit
ACCT_089405,4144,2021-10-05,2023-05-11,583,,Unlabeled
ACCT_034708,4146,2023-04-10,2023-11-16,220,0,Legit
ACCT_105850,4151,2023-12-27,2024-06-03,159,0,Legit
ACCT_195702,4187,2021-07-16,2022-02-01,200,0,Legit
ACCT_022477,4195,2022-11-25,2023-05-27,183,,Unlabeled
ACCT_040353,4197,2023-10-30,2023-11-27,28,0,Legit
ACCT_015533,4208,2023-07-16,2023-09-09,55,,Unlabeled
ACCT_080638,4215,2022-10-23,2023-11-03,376,0,Legit
ACCT_156879,4238,2022-03-10,2022-12-25,290,0,Legit
ACCT_113853,4249,2022-10-01,2023-02-09,131,0,Legit
ACCT_010865,4254,2023-02-05,2023-02-28,23,,Unlabeled
ACCT_138477,4269,2022-07-23,2023-07-22,364,,Unlabeled
ACCT_176355,4306,2022-03-02,2022-04-07,36,0,Legit
ACCT_134585,4324,2021-10-14,2023-04-04,537,0,Legit
ACCT_068689,4338,2022-06-01,2023-03-19,291,0,Legit
ACCT_004041,4340,2023-01-03,2023-06-11,159,0,Legit
ACCT_032276,4340,2023-07-12,2023-11-26,137,0,Legit
ACCT_169056,4360,2022-03-29,2023-07-23,481,,Unlabeled
ACCT_177442,4362,2022-03-02,2023-09-30,577,0,Legit
ACCT_171146,4368,2023-10-06,2024-03-17,163,0,Legit
ACCT_188403,4387,2023-03-22,2023-05-07,46,,Unlabeled
ACCT_130312,4418,2022-01-27,2023-03-16,413,,Unlabeled
ACCT_142196,4431,2023-03-25,2023-04-07,13,,Unlabeled
ACCT_148921,4432,2022-11-11,2023-03-15,124,,Unlabeled
ACCT_120977,4434,2022-07-20,2023-02-16,211,,Unlabeled
ACCT_039702,4445,2021-07-28,2023-09-02,766,0,Legit
ACCT_063047,4449,2023-09-16,2023-10-15,29,0,Legit
ACCT_073320,4450,2022-07-17,2023-12-22,523,0,Legit
ACCT_011703,4452,2023-01-12,2023-03-06,53,0,Legit
ACCT_020154,4465,2023-03-08,2023-03-25,17,0,Legit
ACCT_090478,4465,2023-03-13,2023-03-25,12,0,Legit
ACCT_006331,4481,2021-11-28,2022-06-21,205,,Unlabeled
ACCT_176584,4481,2022-04-01,2022-06-21,81,0,Legit
ACCT_170661,4485,2023-04-16,2023-04-22,6,0,Legit
ACCT_119226,4493,2024-03-21,2024-04-24,34,,Unlabeled
ACCT_040795,4511,2022-01-14,2022-08-22,220,0,Legit
ACCT_107817,4533,2021-09-28,2021-11-03,36,0,Legit
ACCT_105746,4550,2023-01-25,2023-06-14,140,0,Legit
ACCT_039010,4554,2023-12-28,2024-08-22,238,,Unlabeled
ACCT_076372,4566,2022-10-25,2023-05-19,206,,Unlabeled
ACCT_036448,4572,2022-03-01,2023-04-04,399,0,Legit
ACCT_172353,4572,2021-12-05,2023-04-04,485,0,Legit
ACCT_111712,4578,2022-06-05,2023-02-23,263,,Unlabeled
ACCT_029698,4581,2023-01-06,2023-06-16,161,,Unlabeled
ACCT_044367,4581,2023-11-27,2024-05-13,168,0,Legit
ACCT_046683,4586,2023-04-14,2023-11-04,204,,Unlabeled
ACCT_082908,4619,2023-06-16,2023-09-05,81,,Unlabeled
ACCT_020084,4650,2022-11-12,2023-04-08,147,,Unlabeled
ACCT_173977,4661,2023-02-15,2023-05-13,87,0,Legit
ACCT_191075,4662,2023-09-22,2023-12-30,99,,Unlabeled
ACCT_157914,4676,2021-09-24,2023-03-21,543,0,Legit
ACCT_034430,4683,2022-10-31,2023-04-25,176,,Unlabeled
ACCT_002218,4685,2023-02-25,2023-10-15,232,,Unlabeled
ACCT_148998,4699,2022-12-24,2024-04-15,478,0,Legit
ACCT_063614,4735,2023-08-28,2023-09-27,30,,Unlabeled
ACCT_161083,4736,2021-07-22,2022-06-25,338,0,Legit
ACCT_171996,4750,2023-01-20,2023-03-15,54,,Unlabeled
ACCT_037280,4751,2023-07-31,2023-12-08,130,0,Legit
ACCT_146957,4768,2022-04-02,2023-05-17,410,0,Legit
ACCT_096964,4769,2023-04-15,2023-09-11,149,,Unlabeled
ACCT_192480,4775,2023-05-23,2023-06-09,17,,Unlabeled
ACCT_035250,4783,2022-06-11,2023-05-08,331,,Unlabeled
ACCT_031229,4809,2022-02-06,2023-04-05,423,,Unlabeled
ACCT_128293,4822,2022-06-07,2022-06-10,3,0,Legit
ACCT_148469,4829,2022-06-06,2023-03-07,274,0,Legit
ACCT_071492,4842,2023-10-04,2023-11-26,53,0,Legit
ACCT_176736,4844,2021-10-31,2023-01-29,455,0,Legit
ACCT_053841,4871,2023-12-21,2025-02-18,425,0,Legit
ACCT_025196,4878,2023-07-24,2023-12-02,131,,Unlabeled
ACCT_114920,4878,2023-09-14,2023-12-02,79,,Unlabeled
ACCT_158203,4907,2022-05-27,2022-09-03,99,0,Legit
ACCT_002809,4917,2021-08-27,2023-10-13,777,0,Legit
ACCT_021070,4936,2023-07-12,2023-09-03,53,0,Legit
ACCT_004058,4939,2022-06-19,2022-11-15,149,0,Legit
ACCT_019205,4946,2021-09-29,2023-06-21,630,,Unlabeled
ACCT_036525,4976,2022-07-10,2022-12-30,173,,Unlabeled
ACCT_104644,5002,2022-09-07,2023-01-26,141,,Unlabeled
ACCT_168211,5007,2022-10-23,2023-05-21,210,,Unlabeled
ACCT_048959,5016,2022-07-07,2022-08-04,28,0,Legit
ACCT_094843,5028,2023-10-12,2023-10-13,1,0,Legit
ACCT_008789,5032,2021-10-13,2022-09-02,324,,Unlabeled
ACCT_097447,5033,2024-05-14,2025-04-01,322,0,Legit
ACCT_010871,5045,2024-01-30,2025-02-04,371,,Unlabeled
ACCT_105416,5060,2023-01-31,2024-08-08,555,,Unlabeled
ACCT_089862,5064,2023-11-01,2023-12-13,42,,Unlabeled
ACCT_104021,5065,2022-08-10,2023-01-12,155,,Unlabeled
ACCT_112658,5065,2023-08-28,2023-11-22,86,0,Legit
ACCT_085544,5069,2023-03-04,2023-05-29,86,,Unlabeled
ACCT_081146,5074,2021-11-29,2022-10-08,313,0,Legit
ACCT_170819,5084,2021-07-19,2022-09-25,433,0,Legit
ACCT_085298,5093,2024-01-12,2024-11-22,315,0,Legit
ACCT_003079,5103,2023-09-30,2023-11-17,48,,Unlabeled
ACCT_080755,5108,2022-04-27,2023-02-11,290,0,Legit
ACCT_165530,5117,2024-10-02,2024-12-23,82,0,Legit
ACCT_095591,5118,2021-09-15,2023-03-24,555,,Unlabeled
ACCT_051716,5125,2023-10-27,2023-11-22,26,0,Legit
ACCT_126212,5131,2023-04-02,2023-08-02,122,0,Legit
ACCT_152939,5133,2023-06-14,2024-09-08,452,,Unlabeled
ACCT_023616,5135,2022-01-11,2023-08-20,586,0,Legit
ACCT_039788,5137,2023-07-02,2024-12-08,525,0,Legit
ACCT_108086,5139,2023-07-20,2023-08-21,32,0,Legit
ACCT_049459,5174,2021-12-06,2023-03-17,466,0,Legit
ACCT_038003,5190,2022-05-21,2023-01-07,231,0,Legit
ACCT_132937,5191,2021-12-13,2022-11-22,344,0,Legit
ACCT_167538,5192,2021-09-29,2023-06-29,638,,Unlabeled
ACCT_012998,5195,2022-04-09,2022-12-21,256,,Unlabeled
ACCT_171908,5196,2023-09-02,2023-10-29,57,0,Legit
ACCT_055236,5199,2024-11-25,2025-02-22,89,0,Legit
ACCT_171505,5202,2024-07-31,2024-11-29,121,0,Legit
ACCT_089823,5210,2023-11-20,2023-11-27,7,,Unlabeled
ACCT_150224,5226,2024-06-28,2025-03-15,260,0,Legit
ACCT_082567,5229,2024-09-05,2025-02-19,167,1,Mule
ACCT_031850,5231,2022-07-12,2023-07-14,367,0,Legit
ACCT_074385,5234,2021-12-30,2023-08-08,586,0,Legit
ACCT_159690,5241,2022-10-24,2023-08-12,292,,Unlabeled
ACCT_004912,5247,2021-11-11,2023-02-28,474,,Unlabeled
ACCT_049423,5247,2023-10-24,2024-11-09,382,0,Legit
ACCT_023908,5248,2021-08-20,2023-07-12,691,0,Legit
ACCT_177566,5273,2023-03-20,2023-08-02,135,0,Legit
ACCT_158863,5277,2022-07-10,2023-03-07,240,0,Legit
ACCT_135150,5285,2022-05-31,2023-02-17,262,0,Legit
ACCT_104022,5311,2023-08-09,2023-11-24,107,0,Legit
ACCT_013282,5321,2024-05-06,2024-11-20,198,0,Legit
ACCT_126459,5328,2022-08-04,2023-09-14,406,0,Legit
ACCT_157004,5329,2021-12-22,2023-02-17,422,0,Legit
ACCT_019833,5351,2022-05-20,2023-04-03,318,0,Legit
ACCT_161400,5354,2023-07-29,2023-10-15,78,,Unlabeled
ACCT_122127,5372,2021-11-02,2023-03-02,485,,Unlabeled
ACCT_177324,5375,2024-03-01,2025-01-17,322,0,Legit
ACCT_165735,5379,2023-12-11,2024-04-22,133,,Unlabeled
ACCT_072206,5381,2024-01-16,2024-03-24,68,0,Legit
ACCT_167426,5383,2023-01-20,2023-05-31,131,,Unlabeled
ACCT_185273,5415,2022-06-28,2023-03-10,255,0,Legit
ACCT_019399,5430,2023-01-27,2023-09-22,238,,Unlabeled
ACCT_046626,5434,2022-01-20,2023-02-08,384,0,Legit
ACCT_053046,5453,2022-03-05,2023-02-15,347,0,Legit
ACCT_103397,5460,2024-08-12,2024-11-14,94,0,Legit
ACCT_191816,5464,2021-12-08,2023-01-26,414,0,Legit
ACCT_087403,5470,2024-07-15,2024-10-10,87,0,Legit
ACCT_099108,5471,2022-03-17,2023-08-24,525,,Unlabeled
ACCT_198473,5472,2023-08-11,2024-10-11,427,,Unlabeled
ACCT_032059,5477,2024-04-11,2024-10-13,185,,Unlabeled
ACCT_080117,5496,2023-04-18,2023-04-23,5,,Unlabeled
ACCT_009412,5499,2022-11-26,2023-01-27,62,,Unlabeled
ACCT_125376,5499,2021-09-29,2021-11-03,35,0,Legit
ACCT_156719,5500,2023-11-28,2023-12-14,16,0,Legit
ACCT_141220,5503,2024-02-11,2024-08-01,172,,Unlabeled
ACCT_172410,5507,2024-12-08,2024-12-10,2,,Unlabeled
ACCT_118902,5514,2023-08-07,2023-12-20,135,0,Legit
ACCT_051342,5551,2022-09-17,2023-06-20,276,,Unlabeled
ACCT_148982,5556,2022-04-16,2022-12-17,245,0,Legit
ACCT_156690,5576,2022-04-10,2023-01-26,291,0,Legit
ACCT_109775,5579,2022-09-15,2023-01-12,119,0,Legit
ACCT_001363,5582,2022-01-12,2022-10-12,273,,Unlabeled
ACCT_148801,5590,2023-09-05,2023-10-26,51,0,Legit
ACCT_011691,5600,2021-11-09,2021-12-23,44,,Unlabeled
ACCT_078570,5607,2024-02-10,2024-08-17,189,,Unlabeled
ACCT_164197,5608,2023-09-11,2023-10-24,43,0,Legit
ACCT_141108,5639,2022-04-10,2023-03-13,337,,Unlabeled
ACCT_198676,5640,2024-07-23,2024-08-27,35,0,Legit
ACCT_083939,5672,2024-11-04,2025-02-13,101,1,Mule
ACCT_102166,5672,2024-03-04,2024-04-12,39,0,Legit
ACCT_149799,5672,2024-09-26,2025-02-13,140,1,Mule
ACCT_154559,5675,2022-09-09,2023-01-23,136,,Unlabeled
ACCT_139949,5684,2023-02-15,2023-11-30,288,0,Legit
ACCT_000862,5694,2024-06-14,2024-06-19,5,,Unlabeled
ACCT_049559,5696,2022-02-23,2023-01-02,313,0,Legit
ACCT_165831,5700,2023-05-01,2023-10-08,160,0,Legit
ACCT_151513,5720,2022-03-27,2022-11-28,246,0,Legit
ACCT_013392,5724,2022-12-15,2022-12-17,2,0,Legit
ACCT_062691,5725,2022-02-23,2022-05-02,68,,Unlabeled
ACCT_197980,5740,2022-10-07,2023-06-04,240,,Unlabeled
ACCT_172505,5747,2021-09-16,2023-04-21,582,0,Legit
ACCT_001200,5755,2022-07-17,2023-01-07,174,,Unlabeled
ACCT_039442,5755,2022-12-05,2023-01-07,33,,Unlabeled
ACCT_022686,5762,2022-10-31,2023-01-20,81,,Unlabeled
ACCT_076347,5765,2023-01-22,2023-07-11,170,,Unlabeled
ACCT_193566,5767,2022-07-12,2023-03-21,252,0,Legit
ACCT_193676,5772,2023-05-07,2023-12-05,212,,Unlabeled
ACCT_181677,5779,2023-09-28,2023-10-11,13,,Unlabeled
ACCT_147834,5780,2023-07-06,2023-11-11,128,,Unlabeled
ACCT_028860,5802,2023-02-09,2023-03-07,26,0,Legit
ACCT_081725,5809,2023-07-17,2023-08-02,16,,Unlabeled
ACCT_160166,5811,2024-08-24,2024-11-20,88,0,Legit
ACCT_198702,5816,2024-08-17,2024-11-03,78,1,Mule
ACCT_142139,5817,2022-09-23,2023-05-14,233,,Unlabeled
ACCT_099187,5829,2023-03-24,2023-06-16,84,0,Legit
ACCT_104513,5838,2023-11-30,2024-07-03,216,0,Legit
ACCT_093381,5850,2023-06-30,2023-08-12,43,0,Legit
ACCT_126737,5851,2022-07-04,2022-07-19,15,,Unlabeled
ACCT_059192,5853,2021-07-05,2023-02-11,586,,Unlabeled
ACCT_052525,5860,2022-10-20,2023-01-31,103,,Unlabeled
ACCT_042933,5868,2023-09-09,2023-11-12,64,,Unlabeled
ACCT_071488,5876,2023-04-26,2023-10-04,161,0,Legit
ACCT_089865,5879,2021-09-05,2023-04-29,601,,Unlabeled
ACCT_008719,5883,2023-11-26,2023-11-27,1,0,Legit
ACCT_044587,5883,2022-12-24,2023-05-06,133,0,Legit
ACCT_044742,5889,2023-04-10,2023-07-19,100,0,Legit
ACCT_092592,5903,2023-10-17,2023-12-21,65,0,Legit
ACCT_105167,5905,2024-02-23,2025-01-31,343,0,Legit
ACCT_132331,5906,2022-06-30,2023-06-17,352,0,Legit
ACCT_077919,5912,2023-09-24,2023-12-25,92,0,Legit
ACCT_173496,5916,2022-07-04,2023-02-25,236,0,Legit
ACCT_045610,5922,2022-01-16,2025-01-01,1081,0,Legit
ACCT_160926,5944,2022-03-27,2023-01-12,291,0,Legit
ACCT_094914,5960,2022-12-22,2023-06-19,179,,Unlabeled
ACCT_174879,5961,2023-10-09,2025-05-22,591,0,Legit
ACCT_164409,5963,2021-07-10,2022-03-21,254,0,Legit
ACCT_065040,6004,2022-06-24,2022-09-06,74,0,Legit
ACCT_163683,6005,2021-11-19,2022-02-09,82,,Unlabeled
ACCT_033302,6013,2023-09-19,2024-05-18,242,0,Legit
ACCT_194023,6033,2023-04-11,2023-06-21,71,0,Legit
ACCT_103360,6038,2023-01-18,2023-10-08,263,0,Legit
ACCT_172405,6057,2021-07-01,2023-03-12,619,,Unlabeled
ACCT_093000,6064,2022-12-14,2023-03-20,96,0,Legit
ACCT_126027,6082,2022-08-11,2023-01-19,161,,Unlabeled
ACCT_011128,6096,2023-07-01,2023-12-19,171,0,Legit
ACCT_145157,6107,2023-03-25,2023-05-10,46,0,Legit
ACCT_083878,6112,2024-09-27,2025-05-11,226,0,Legit
ACCT_131778,6117,2022-10-09,2023-08-05,300,,Unlabeled
ACCT_095010,6131,2023-07-31,2023-08-04,4,0,Legit
ACCT_019966,6133,2025-02-14,2025-05-14,89,1,Mule
ACCT_115681,6143,2022-08-10,2023-02-07,181,0,Legit
ACCT_075409,6169,2024-05-17,2024-09-01,107,0,Legit
ACCT_187606,6178,2022-09-27,2023-04-25,210,,Unlabeled
ACCT_125866,6182,2022-12-27,2023-04-03,97,0,Legit
ACCT_059346,6185,2021-09-13,2023-03-16,549,,Unlabeled
ACCT_120963,6193,2023-12-12,2024-10-28,321,,Unlabeled
ACCT_002884,6194,2021-12-05,2023-01-11,402,0,Legit
ACCT_158452,6213,2022-09-26,2023-10-08,377,0,Legit
ACCT_074216,6224,2021-10-26,2022-11-11,381,,Unlabeled
ACCT_011256,6232,2023-11-01,2024-10-28,362,0,Legit
ACCT_144036,6248,2023-03-17,2023-11-22,250,0,Legit
ACCT_031624,6258,2022-05-27,2023-03-02,279,0,Legit
ACCT_104494,6262,2024-06-17,2024-10-02,107,0,Legit
ACCT_180998,6270,2021-10-29,2023-02-11,470,,Unlabeled
ACCT_063522,6275,2024-07-07,2024-12-20,166,0,Legit
ACCT_096845,6287,2021-09-14,2023-05-11,604,,Unlabeled
ACCT_163866,6288,2022-06-28,2023-02-13,230,,Unlabeled
ACCT_017028,6314,2023-07-25,2023-08-16,22,,Unlabeled
ACCT_149673,6318,2022-08-28,2023-09-11,379,0,Legit
ACCT_072340,6320,2022-08-31,2023-02-15,168,0,Legit
ACCT_103660,6325,2022-12-29,2023-01-12,14,0,Legit
ACCT_121133,6329,2022-12-25,2023-04-29,125,0,Legit
ACCT_015469,6332,2023-03-20,2023-06-18,90,0,Legit
ACCT_026482,6343,2024-05-25,2024-06-09,15,0,Legit
ACCT_067076,6350,2021-11-03,2022-03-06,123,,Unlabeled
ACCT_096496,6353,2022-12-08,2023-01-21,44,0,Legit
ACCT_027294,6361,2021-09-19,2023-03-16,543,0,Legit
ACCT_121361,6364,2023-12-04,2024-02-14,72,0,Legit
ACCT_120997,6366,2023-03-01,2023-06-05,96,0,Legit
ACCT_010769,6372,2023-06-04,2023-08-12,69,0,Legit
ACCT_117621,6375,2023-12-18,2024-04-23,127,0,Legit
ACCT_138300,6388,2023-10-04,2024-06-16,256,0,Legit
ACCT_036783,6390,2023-06-24,2023-08-23,60,,Unlabeled
ACCT_002898,6411,2023-02-15,2023-05-31,105,,Unlabeled
ACCT_133387,6416,2024-08-02,2024-10-24,83,1,Mule
ACCT_040671,6421,2021-07-14,2023-04-07,632,,Unlabeled
ACCT_049819,6445,2023-05-09,2023-07-22,74,0,Legit
ACCT_142470,6446,2021-11-15,2022-01-06,52,0,Legit
ACCT_146597,6446,2022-06-06,2023-05-16,344,0,Legit
ACCT_136524,6451,2022-01-04,2022-08-23,231,0,Legit
ACCT_154948,6462,2021-07-11,2023-08-15,765,,Unlabeled
ACCT_141344,6470,2022-10-28,2023-01-22,86,,Unlabeled
ACCT_156366,6473,2022-09-02,2023-02-10,161,0,Legit
ACCT_184646,6476,2022-07-20,2022-08-15,26,,Unlabeled
ACCT_107714,6482,2023-02-04,2023-07-26,172,0,Legit
ACCT_134638,6482,2022-02-21,2023-07-26,520,,Unlabeled
ACCT_157910,6498,2023-07-22,2023-12-13,144,0,Legit
ACCT_192298,6498,2024-02-11,2024-09-10,212,,Unlabeled
ACCT_122219,6514,2024-05-21,2024-10-13,145,0,Legit
ACCT_026473,6518,2021-07-21,2023-05-10,658,0,Legit
ACCT_035443,6526,2021-07-30,2022-03-18,231,,Unlabeled
ACCT_011334,6538,2022-09-06,2023-11-19,439,,Unlabeled
ACCT_022472,6548,2022-07-01,2022-12-26,178,0,Legit
ACCT_071624,6550,2023-04-13,2023-09-03,143,0,Legit
ACCT_035577,6555,2023-08-10,2023-11-05,87,,Unlabeled
ACCT_021043,6569,2022-09-09,2023-01-08,121,0,Legit
ACCT_053555,6573,2022-08-17,2023-03-22,217,,Unlabeled
ACCT_172123,6577,2022-08-03,2023-03-02,211,,Unlabeled
ACCT_120801,6588,2022-02-24,2023-02-25,366,0,Legit
ACCT_054463,6594,2023-11-06,2025-06-13,585,0,Legit
ACCT_038112,6595,2022-09-23,2023-01-04,103,0,Legit
ACCT_144477,6595,2024-05-21,2024-11-11,174,,Unlabeled
ACCT_186706,6612,2022-10-12,2023-06-05,236,0,Legit
ACCT_193424,6643,2022-12-23,2023-02-07,46,,Unlabeled
ACCT_179293,6666,2021-10-21,2022-08-17,300,0,Legit
ACCT_184518,6668,2023-03-30,2023-05-26,57,0,Legit
ACCT_030888,6677,2022-09-06,2023-06-05,272,0,Legit
ACCT_199459,6677,2022-04-24,2022-05-26,32,0,Legit
ACCT_119336,6703,2022-03-18,2023-08-15,515,,Unlabeled
ACCT_008745,6704,2024-01-19,2024-07-06,169,0,Legit
ACCT_088924,6712,2023-03-04,2023-07-08,126,0,Legit
ACCT_060391,6723,2022-09-26,2023-02-12,139,,Unlabeled
ACCT_081091,6729,2024-10-30,2024-11-19,20,1,Mule
ACCT_065554,6744,2022-04-26,2023-06-17,417,,Unlabeled
ACCT_129803,6744,2023-05-20,2023-06-17,28,,Unlabeled
ACCT_012075,6766,2023-03-26,2023-12-01,250,0,Legit
ACCT_118507,6786,2023-04-04,2023-12-30,270,0,Legit
ACCT_123113,6787,2022-08-31,2024-06-30,669,,Unlabeled
ACCT_062453,6789,2023-04-14,2023-06-12,59,0,Legit
ACCT_157267,6801,2023-03-18,2023-04-02,15,0,Legit
ACCT_112296,6830,2023-01-11,2023-02-13,33,,Unlabeled
ACCT_085000,6831,2023-10-11,2024-08-17,311,0,Legit
ACCT_192990,6841,2021-12-02,2023-04-05,489,0,Legit
ACCT_061833,6865,2022-12-05,2023-01-10,36,0,Legit
ACCT_081911,6868,2022-11-14,2023-11-02,353,0,Legit
ACCT_131163,6874,2022-07-16,2023-08-10,390,,Unlabeled
ACCT_023772,6879,2023-09-30,2025-03-20,537,,Unlabeled
ACCT_025875,6879,2024-01-22,2025-03-20,423,0,Legit
ACCT_140111,6886,2021-07-22,2021-08-07,16,0,Legit
ACCT_026931,6931,2022-03-26,2023-01-31,311,,Unlabeled
ACCT_099769,6933,2022-10-05,2022-10-18,13,,Unlabeled
ACCT_031689,6934,2023-04-01,2023-05-27,56,0,Legit
ACCT_128028,6934,2023-09-06,2023-11-25,80,,Unlabeled
ACCT_006292,6940,2022-06-11,2023-04-07,300,0,Legit
ACCT_017249,6951,2022-02-10,2023-02-23,378,0,Legit
ACCT_147666,6955,2021-07-03,2022-02-07,219,0,Legit
ACCT_176787,6957,2023-03-27,2023-05-01,35,0,Legit
ACCT_172856,6958,2022-03-12,2022-11-11,244,,Unlabeled
ACCT_174678,6959,2021-11-13,2023-02-24,468,0,Legit
ACCT_177549,6960,2021-12-07,2023-05-29,538,,Unlabeled
ACCT_098227,6963,2022-08-17,2023-09-02,381,,Unlabeled
ACCT_155417,6964,2022-03-15,2022-07-26,133,,Unlabeled
ACCT_131604,6966,2022-11-08,2023-02-17,101,0,Legit
ACCT_149560,6972,2022-09-25,2023-12-05,436,,Unlabeled
ACCT_036280,6973,2023-07-06,2023-07-18,12,0,Legit
ACCT_010828,6980,2022-04-17,2023-07-01,440,0,Legit
ACCT_157640,7009,2023-11-01,2024-09-22,326,0,Legit
ACCT_075354,7020,2024-01-09,2024-01-12,3,0,Legit
ACCT_096214,7024,2023-08-30,2024-09-21,388,0,Legit
ACCT_066152,7032,2022-11-16,2023-01-03,48,0,Legit
ACCT_153500,7041,2022-04-29,2023-02-27,304,,Unlabeled
ACCT_105079,7048,2021-08-19,2022-02-11,176,0,Legit
ACCT_107184,7054,2024-06-26,2025-01-17,205,0,Legit
ACCT_081502,7057,2024-01-12,2024-05-04,113,,Unlabeled
ACCT_050123,7064,2021-07-03,2023-01-25,571,0,Legit
ACCT_087094,7066,2023-01-26,2023-05-18,112,0,Legit
ACCT_105026,7068,2022-04-08,2022-12-06,242,,Unlabeled
ACCT_092368,7079,2024-08-19,2025-03-20,213,1,Mule
ACCT_196662,7079,2023-05-29,2023-07-22,54,,Unlabeled
ACCT_127376,7080,2022-07-23,2023-06-30,342,0,Legit
ACCT_063376,7091,2023-03-29,2023-04-20,22,0,Legit
ACCT_176150,7091,2022-11-17,2022-12-30,43,0,Legit
ACCT_180330,7119,2023-04-29,2023-05-02,3,,Unlabeled
ACCT_161106,7120,2023-08-13,2023-11-20,99,,Unlabeled
ACCT_078490,7122,2023-01-28,2023-02-18,21,0,Legit
ACCT_178113,7124,2023-12-17,2023-12-29,12,,Unlabeled
ACCT_116298,7149,2021-11-24,2023-07-14,597,,Unlabeled
ACCT_121400,7163,2024-12-06,2025-02-22,78,,Unlabeled
ACCT_078344,7169,2023-09-12,2023-09-14,2,0,Legit
ACCT_062081,7170,2023-05-02,2023-05-05,3,,Unlabeled
ACCT_041586,7171,2022-03-07,2023-02-03,333,0,Legit
ACCT_166931,7174,2023-04-24,2023-05-03,9,,Unlabeled
ACCT_196067,7225,2024-03-16,2025-03-01,350,,Unlabeled
ACCT_009402,7226,2024-04-10,2025-01-15,280,,Unlabeled
ACCT_055662,7226,2024-08-01,2025-01-15,167,0,Legit
ACCT_148150,7246,2022-01-06,2022-02-28,53,,Unlabeled
ACCT_134868,7252,2024-04-27,2024-05-07,10,,Unlabeled
ACCT_042786,7275,2023-06-02,2023-07-11,39,0,Legit
ACCT_070000,7306,2021-09-16,2023-04-13,574,0,Legit
ACCT_072765,7317,2022-12-25,2023-02-12,49,,Unlabeled
ACCT_136522,7317,2023-09-28,2023-10-03,5,0,Legit
ACCT_178565,7323,2023-06-23,2023-08-10,48,,Unlabeled
ACCT_139292,7377,2024-12-28,2025-02-15,49,1,Mule
ACCT_002419,7384,2021-10-26,2022-09-27,336,0,Legit
ACCT_192315,7399,2023-11-16,2024-01-28,73,,Unlabeled
ACCT_149375,7400,2022-05-05,2023-01-13,253,0,Legit
ACCT_168895,7400,2023-03-11,2023-07-12,123,0,Legit
ACCT_156656,7412,2022-07-24,2023-04-21,271,,Unlabeled
ACCT_167193,7412,2023-09-07,2024-06-06,273,,Unlabeled
ACCT_104765,7432,2022-11-22,2023-03-21,119,,Unlabeled
ACCT_044492,7455,2024-10-26,2024-11-02,7,1,Mule
ACCT_078723,7467,2023-10-18,2023-11-23,36,0,Legit
ACCT_145404,7480,2022-10-12,2023-01-17,97,0,Legit
ACCT_104323,7487,2023-03-17,2023-04-20,34,,Unlabeled
ACCT_110305,7493,2021-10-05,2023-02-21,504,,Unlabeled
ACCT_177541,7515,2023-07-29,2023-12-20,144,0,Legit
ACCT_113743,7526,2022-05-06,2022-12-21,229,,Unlabeled
ACCT_125118,7532,2022-06-16,2022-08-24,69,0,Legit
ACCT_058504,7540,2022-02-16,2023-12-15,667,0,Legit
ACCT_014086,7541,2022-12-21,2023-07-17,208,0,Legit
ACCT_021822,7541,2023-10-18,2023-11-20,33,,Unlabeled
ACCT_092533,7545,2024-11-27,2025-02-08,73,0,Legit
ACCT_027949,7549,2023-12-19,2024-12-08,355,0,Legit
ACCT_105839,7564,2022-08-25,2022-10-03,39,0,Legit
ACCT_130809,7567,2022-11-19,2024-07-24,613,,Unlabeled
ACCT_195742,7573,2023-09-05,2023-11-15,71,,Unlabeled
ACCT_035812,7586,2022-06-14,2023-08-24,436,0,Legit
ACCT_109173,7598,2023-04-30,2023-05-23,23,0,Legit
ACCT_057253,7599,2021-09-08,2023-06-07,637,0,Legit
ACCT_112875,7605,2024-07-31,2024-09-05,36,1,Mule
ACCT_107273,7609,2022-11-08,2023-02-01,85,,Unlabeled
ACCT_162173,7621,2023-09-15,2023-11-07,53,,Unlabeled
ACCT_076906,7631,2024-07-31,2025-06-02,306,1,Mule
ACCT_122352,7631,2024-06-04,2025-06-02,363,0,Legit
ACCT_082831,7647,2024-08-04,2025-04-01,240,1,Mule
ACCT_038710,7666,2022-11-07,2023-01-14,68,0,Legit
ACCT_065905,7673,2023-05-18,2023-06-23,36,0,Legit
ACCT_094805,7677,2022-11-04,2023-04-15,162,0,Legit
ACCT_025316,7681,2023-04-01,2023-07-29,119,0,Legit
ACCT_041968,7697,2022-09-17,2023-03-26,190,,Unlabeled
ACCT_199179,7701,2023-05-18,2023-12-16,212,,Unlabeled
ACCT_178444,7709,2022-10-23,2023-09-08,320,0,Legit
ACCT_079052,7712,2023-01-23,2023-05-21,118,,Unlabeled
ACCT_176901,7717,2023-09-05,2023-12-11,97,,Unlabeled
ACCT_013086,7751,2024-03-23,2024-04-23,31,,Unlabeled
ACCT_064255,7754,2022-03-31,2023-07-08,464,,Unlabeled
ACCT_161853,7754,2021-09-05,2022-02-27,175,,Unlabeled
ACCT_057260,7762,2023-10-12,2023-11-22,41,0,Legit
ACCT_177753,7768,2022-08-08,2023-02-08,184,,Unlabeled
ACCT_041670,7770,2023-01-16,2023-10-25,282,0,Legit
ACCT_116113,7771,2022-11-12,2023-01-10,59,0,Legit
ACCT_042908,7780,2023-08-04,2023-11-29,117,,Unlabeled
ACCT_015194,7809,2023-05-03,2023-05-16,13,0,Legit
ACCT_162589,7818,2022-07-28,2023-05-02,278,0,Legit
ACCT_028564,7825,2024-03-08,2024-04-03,26,0,Legit
ACCT_034253,7841,2022-04-02,2023-08-22,507,,Unlabeled
ACCT_162755,7851,2021-10-26,2022-03-23,148,,Unlabeled
ACCT_025571,7853,2021-07-15,2022-04-10,269,0,Legit
ACCT_033762,7860,2023-10-05,2024-04-13,191,0,Legit
ACCT_154636,7860,2022-06-03,2024-04-13,680,0,Legit
ACCT_174502,7889,2022-04-11,2023-01-25,289,,Unlabeled
ACCT_185317,7902,2022-12-17,2023-07-31,226,,Unlabeled
ACCT_165343,7903,2022-06-21,2022-11-19,151,0,Legit
ACCT_150819,7913,2021-10-15,2023-10-27,742,0,Legit
ACCT_119797,7919,2024-01-19,2024-08-26,220,0,Legit
ACCT_104433,7925,2022-10-05,2023-01-09,96,0,Legit
ACCT_061681,7942,2024-06-05,2024-10-25,142,0,Legit
ACCT_160811,7949,2023-01-07,2023-04-20,103,,Unlabeled
ACCT_103212,7965,2021-10-25,2022-08-09,288,,Unlabeled
ACCT_101565,7969,2022-06-02,2023-01-12,224,0,Legit
ACCT_002277,7979,2024-08-11,2024-12-23,134,0,Legit
ACCT_087160,7998,2022-06-29,2022-08-19,51,0,Legit
ACCT_054971,8008,2022-11-20,2023-02-09,81,0,Legit
ACCT_098354,8010,2023-02-01,2023-09-21,232,0,Legit
ACCT_039445,8011,2023-01-05,2023-08-05,212,,Unlabeled
ACCT_129236,8016,2022-06-11,2023-01-05,208,,Unlabeled
ACCT_148365,8022,2022-12-05,2023-02-05,62,0,Legit
ACCT_156995,8034,2022-12-23,2023-04-09,107,,Unlabeled
ACCT_001428,8050,2024-09-02,2024-10-14,42,1,Mule
ACCT_099874,8058,2022-08-23,2024-08-23,731,,Unlabeled
ACCT_126610,8070,2023-03-20,2023-12-10,265,0,Legit
ACCT_181815,8074,2022-10-15,2023-03-10,146,0,Legit
ACCT_016193,8088,2024-10-25,2025-05-21,208,1,Mule
ACCT_140588,8095,2023-04-10,2023-05-14,34,,Unlabeled
ACCT_192863,8103,2024-10-07,2024-11-07,31,1,Mule
ACCT_185751,8128,2023-07-07,2023-07-09,2,0,Legit
ACCT_117882,8130,2023-11-23,2023-12-12,19,0,Legit
ACCT_030957,8131,2025-04-11,2025-05-29,48,1,Mule
ACCT_012643,8155,2022-12-19,2023-01-11,23,,Unlabeled
ACCT_136702,8165,2022-12-05,2023-07-21,228,0,Legit
ACCT_049585,8166,2022-03-28,2023-12-03,615,0,Legit
ACCT_180657,8206,2021-10-29,2025-04-19,1268,,Unlabeled
ACCT_017486,8217,2023-04-15,2023-06-17,63,0,Legit
ACCT_100920,8225,2022-08-26,2022-11-03,69,0,Legit
ACCT_178634,8236,2023-10-29,2023-11-23,25,0,Legit
ACCT_026150,8247,2022-12-18,2023-01-24,37,0,Legit
ACCT_150099,8260,2022-06-27,2023-07-26,394,0,Legit
ACCT_093385,8267,2022-07-01,2023-03-03,245,,Unlabeled
ACCT_088300,8269,2022-08-13,2023-05-31,291,0,Legit
ACCT_196012,8278,2023-01-29,2023-02-01,3,0,Legit
ACCT_027639,8295,2022-12-26,2023-09-21,269,,Unlabeled
ACCT_021004,8302,2022-07-02,2023-03-22,263,0,Legit
ACCT_082137,8306,2021-11-23,2022-06-22,211,,Unlabeled
ACCT_043504,8312,2023-03-05,2023-04-14,40,,Unlabeled
ACCT_126568,8322,2022-04-14,2023-06-24,436,,Unlabeled
ACCT_131621,8345,2023-07-07,2023-08-26,50,,Unlabeled
ACCT_114035,8351,2022-06-24,2023-02-15,236,0,Legit
ACCT_179255,8352,2022-10-05,2023-01-28,115,,Unlabeled
ACCT_040577,8354,2023-01-14,2023-07-17,184,,Unlabeled
ACCT_073866,8355,2022-10-13,2023-12-07,420,,Unlabeled
ACCT_125927,8362,2023-07-07,2023-07-30,23,,Unlabeled
ACCT_152014,8374,2021-12-21,2023-06-13,539,0,Legit
ACCT_123832,8407,2023-12-13,2024-10-08,300,0,Legit
ACCT_064969,8408,2022-09-17,2023-01-12,117,,Unlabeled
ACCT_134292,8421,2024-02-05,2024-10-18,256,0,Legit
ACCT_136537,8431,2024-09-30,2025-04-18,200,1,Mule
ACCT_158524,8448,2024-02-06,2025-01-02,331,0,Legit
ACCT_009833,8449,2023-06-08,2023-06-21,13,0,Legit
ACCT_125559,8462,2022-12-31,2023-04-29,119,0,Legit
ACCT_174645,8463,2022-02-23,2023-09-17,571,,Unlabeled
ACCT_074645,8469,2022-03-10,2022-11-02,237,,Unlabeled
ACCT_126424,8476,2022-10-03,2023-02-14,134,,Unlabeled
ACCT_157865,8494,2023-01-04,2023-01-09,5,0,Legit
ACCT_048648,8502,2023-03-19,2023-09-22,187,0,Legit
ACCT_194141,8504,2022-04-20,2023-07-12,448,,Unlabeled
ACCT_147441,8508,2022-07-24,2023-01-21,181,,Unlabeled
ACCT_033740,8512,2023-07-18,2023-12-06,141,,Unlabeled
ACCT_135508,8552,2024-10-28,2025-05-20,204,1,Mule
ACCT_119329,8555,2023-08-24,2024-10-27,430,,Unlabeled
ACCT_019864,8560,2022-02-19,2023-08-25,552,0,Legit
ACCT_114166,8567,2022-03-20,2022-05-05,46,,Unlabeled
ACCT_162189,8574,2021-12-21,2023-01-01,376,,Unlabeled
ACCT_106921,8578,2022-12-26,2023-01-03,8,,Unlabeled
ACCT_073855,8595,2021-12-09,2022-04-17,129,0,Legit
ACCT_007441,8601,2022-02-16,2023-05-15,453,,Unlabeled
ACCT_152241,8605,2024-02-10,2024-09-29,232,,Unlabeled
ACCT_041304,8625,2023-05-19,2023-07-23,65,0,Legit
ACCT_007404,8630,2022-11-17,2023-03-08,111,0,Legit
ACCT_136972,8631,2023-09-20,2024-05-01,224,0,Legit
ACCT_082121,8645,2022-10-18,2023-09-01,318,0,Legit
ACCT_119860,8674,2022-03-02,2023-11-27,635,,Unlabeled
ACCT_021766,8682,2021-07-06,2022-07-16,375,0,Legit
ACCT_161145,8692,2021-09-25,2023-10-16,751,0,Legit
ACCT_096766,8727,2024-11-19,2025-06-11,204,1,Mule
ACCT_041543,8757,2024-11-07,2025-04-05,149,,Unlabeled
ACCT_004145,8758,2022-10-19,2023-03-06,138,0,Legit
ACCT_045034,8764,2023-05-20,2023-06-15,26,0,Legit
ACCT_141353,8764,2023-05-19,2023-06-15,27,0,Legit
ACCT_129034,8807,2022-03-23,2022-06-20,89,0,Legit
ACCT_184741,8818,2022-09-05,2023-05-16,253,0,Legit
ACCT_092246,8820,2023-11-19,2023-11-20,1,,Unlabeled
ACCT_105857,8828,2024-08-07,2025-02-11,188,1,Mule
ACCT_006451,8847,2023-04-14,2023-08-03,111,0,Legit
ACCT_173327,8848,2022-11-23,2023-03-01,98,0,Legit
ACCT_075260,8862,2023-01-10,2023-02-01,22,,Unlabeled
ACCT_044950,8866,2022-09-23,2023-02-16,146,,Unlabeled
ACCT_031107,8868,2023-08-01,2024-02-24,207,0,Legit
ACCT_173444,8870,2024-01-21,2024-10-15,268,,Unlabeled
ACCT_149318,8896,2023-10-01,2024-10-29,394,,Unlabeled
ACCT_100306,8904,2022-12-24,2023-03-23,89,0,Legit
ACCT_002261,8911,2024-09-11,2024-10-09,28,0,Legit
ACCT_059290,8927,2023-01-08,2023-02-09,32,,Unlabeled
ACCT_180789,8947,2022-10-07,2022-12-09,63,,Unlabeled
ACCT_159453,8960,2023-02-04,2023-05-24,109,,Unlabeled
ACCT_083431,8975,2023-03-08,2023-06-04,88,,Unlabeled
ACCT_085957,8976,2022-07-16,2023-01-23,191,0,Legit
ACCT_107798,8977,2022-09-29,2023-02-13,137,0,Legit
ACCT_100140,8998,2023-05-19,2023-08-23,96,,Unlabeled
ACCT_112826,9014,2022-02-11,2023-04-08,421,0,Legit
ACCT_053505,9024,2021-10-22,2023-08-13,660,,Unlabeled
ACCT_170284,9024,2023-01-06,2023-08-13,219,,Unlabeled
ACCT_033901,9036,2021-09-12,2021-09-21,9,,Unlabeled
ACCT_106212,9047,2023-05-31,2023-09-13,105,0,Legit
ACCT_176579,9047,2023-03-01,2023-03-10,9,,Unlabeled
ACCT_065481,9066,2022-10-26,2023-01-15,81,,Unlabeled
ACCT_066457,9079,2024-06-15,2024-07-14,29,,Unlabeled
ACCT_129823,9099,2021-10-08,2022-11-15,403,0,Legit
ACCT_050119,9100,2021-09-01,2021-11-17,77,0,Legit
ACCT_080139,9100,2023-08-30,2023-09-08,9,,Unlabeled
ACCT_156132,9103,2023-12-09,2023-12-27,18,,Unlabeled
ACCT_095974,9108,2024-03-02,2024-05-09,68,,Unlabeled
ACCT_150251,9109,2023-04-25,2023-08-26,123,0,Legit
ACCT_191660,9109,2021-08-13,2022-05-10,270,0,Legit
ACCT_087760,9122,2022-12-19,2023-03-13,84,0,Legit
ACCT_194070,9154,2023-12-19,2024-08-07,232,0,Legit
ACCT_178551,9167,2022-03-10,2023-12-01,631,0,Legit
ACCT_171851,9172,2024-01-07,2024-03-30,83,0,Legit
ACCT_067915,9210,2021-10-13,2023-03-29,532,0,Legit
ACCT_129333,9218,2021-10-02,2023-05-29,604,0,Legit
ACCT_192398,9219,2021-10-24,2023-08-20,665,,Unlabeled
ACCT_146344,9220,2023-11-22,2024-02-17,87,0,Legit
ACCT_170348,9234,2023-06-14,2024-06-30,382,0,Legit
ACCT_123743,9248,2023-08-04,2023-08-12,8,0,Legit
ACCT_189143,9254,2022-07-29,2023-01-10,165,,Unlabeled
ACCT_146155,9259,2024-08-27,2025-06-17,294,1,Mule
ACCT_001078,9279,2022-11-15,2023-02-01,78,0,Legit
ACCT_097341,9293,2022-01-08,2023-04-26,473,0,Legit
ACCT_166629,9300,2023-06-12,2023-08-01,50,,Unlabeled
ACCT_196023,9302,2022-10-30,2023-03-06,127,0,Legit
ACCT_179205,9319,2021-10-01,2021-11-02,32,,Unlabeled
ACCT_151248,9332,2021-08-27,2023-05-22,633,0,Legit
ACCT_176169,9333,2023-05-23,2023-08-21,90,,Unlabeled
ACCT_131374,9345,2024-08-28,2025-06-20,296,1,Mule
ACCT_104965,9348,2021-08-16,2023-08-13,727,0,Legit
ACCT_197346,9349,2023-01-24,2023-10-13,262,0,Legit
ACCT_183333,9355,2022-09-14,2023-09-13,364,,Unlabeled
ACCT_080006,9377,2024-03-05,2024-03-27,22,0,Legit
ACCT_172367,9382,2022-12-11,2023-05-07,147,0,Legit
ACCT_175189,9382,2023-09-27,2023-12-03,67,0,Legit
ACCT_186625,9384,2023-02-09,2023-08-13,185,0,Legit
ACCT_012185,9393,2023-04-18,2023-06-21,64,0,Legit
ACCT_064730,9395,2023-04-28,2024-01-23,270,0,Legit
ACCT_172370,9411,2023-10-07,2023-10-26,19,0,Legit
ACCT_008869,9464,2024-08-02,2024-10-01,60,0,Legit
ACCT_011370,9464,2023-04-14,2023-10-06,175,,Unlabeled
ACCT_143778,9470,2022-03-15,2023-03-26,376,,Unlabeled
ACCT_062160,9474,2023-02-08,2023-06-15,127,0,Legit
ACCT_059251,9482,2021-08-14,2023-03-10,573,,Unlabeled
ACCT_006594,9502,2023-04-05,2023-05-04,29,,Unlabeled
ACCT_070071,9536,2024-01-17,2024-05-16,120,0,Legit
ACCT_032407,9541,2022-10-11,2023-02-21,133,,Unlabeled
ACCT_182642,9543,2022-03-22,2023-03-07,350,0,Legit
ACCT_097493,9549,2022-02-19,2022-04-18,58,0,Legit
ACCT_135681,9554,2022-03-31,2023-05-10,405,0,Legit
ACCT_007967,9585,2023-09-30,2023-11-17,48,0,Legit
ACCT_041140,9591,2021-12-10,2022-02-27,79,,Unlabeled
ACCT_146691,9613,2022-12-05,2023-05-10,156,0,Legit
ACCT_089140,9615,2023-01-01,2023-04-27,116,0,Legit
ACCT_034354,9616,2022-12-09,2023-03-28,109,,Unlabeled
ACCT_123649,9628,2022-04-22,2023-06-03,407,0,Legit
ACCT_159497,9645,2022-10-17,2023-01-21,96,,Unlabeled
ACCT_102282,9669,2024-09-13,2025-05-15,244,0,Legit
ACCT_107331,9674,2021-11-04,2022-11-09,370,,Unlabeled
ACCT_160154,9687,2022-03-03,2023-03-05,367,,Unlabeled
ACCT_031614,9710,2023-10-03,2023-10-08,5,0,Legit
ACCT_082724,9724,2024-01-02,2025-02-01,396,0,Legit
ACCT_138726,9728,2024-02-14,2024-04-15,61,0,Legit
ACCT_184918,9739,2021-12-07,2023-01-13,402,0,Legit
ACCT_156020,9743,2025-04-19,2025-05-22,33,1,Mule
ACCT_025609,9765,2022-02-16,2022-03-20,32,,Unlabeled
ACCT_136035,9772,2024-05-19,2025-05-01,347,,Unlabeled
ACCT_081814,9804,2023-04-18,2023-10-11,176,,Unlabeled
ACCT_086513,9810,2021-12-22,2023-01-11,385,0,Legit
ACCT_176841,9810,2022-09-08,2023-01-11,125,0,Legit
ACCT_103494,9811,2023-02-14,2023-06-07,113,,Unlabeled
ACCT_169621,9824,2022-09-07,2023-01-29,144,,Unlabeled
ACCT_118460,9829,2023-07-11,2023-09-19,70,0,Legit
ACCT_010325,9835,2024-01-08,2025-01-08,366,0,Legit
ACCT_144136,9839,2022-08-12,2023-04-18,249,0,Legit
ACCT_015870,9843,2022-11-16,2025-01-10,786,0,Legit
ACCT_141816,9859,2023-01-10,2023-01-18,8,0,Legit
ACCT_133803,9867,2022-02-13,2022-05-26,102,,Unlabeled
ACCT_093675,9874,2024-01-03,2025-04-26,479,,Unlabeled
ACCT_178880,9883,2023-04-29,2023-08-17,110,0,Legit
ACCT_189368,9897,2022-02-02,2022-08-15,194,0,Legit
ACCT_089388,9909,2023-06-11,2023-07-16,35,0,Legit
ACCT_075989,9923,2023-03-14,2023-05-17,64,0,Legit
ACCT_088051,9924,2022-07-03,2023-01-01,182,,Unlabeled
ACCT_140922,9927,2021-10-23,2021-11-05,13,0,Legit
ACCT_010655,9935,2022-12-22,2024-01-06,380,,Unlabeled
ACCT_123881,9947,2022-08-22,2023-04-02,223,,Unlabeled
ACCT_015878,9991,2023-01-24,2023-06-04,131,0,Legit
ACCT_005566,9992,2022-12-24,2023-02-09,47,,Unlabeled
