branch_code,samples,median_gap,mean_gap,p90_gap,freeze_events,labeled_accounts,mule_accounts,mule_rate
8103,1.0,31.0,31.0,31.0,4.0,7.0,4.0,0.5714285714285714
3984,1.0,88.0,88.0,88.0,3.0,3.0,2.0,0.6666666666666666
4091,1.0,65.0,65.0,65.0,3.0,7.0,6.0,0.8571428571428571
5672,3.0,101.0,93.33333333333333,132.2,3.0,4.0,2.0,0.5
7573,1.0,71.0,71.0,71.0,3.0,5.0,1.0,0.2
2131,1.0,110.0,110.0,110.0,2.0,3.0,0.0,0.0
2900,2.0,292.5,292.5,300.9,2.0,7.0,0.0,0.0
5247,2.0,428.0,428.0,464.8,2.0,3.0,0.0,0.0
1492,2.0,22.0,22.0,32.4,2.0,4.0,0.0,0.0
4572,2.0,442.0,442.0,476.4,2.0,4.0,0.0,0.0
4465,2.0,14.5,14.5,16.5,2.0,7.0,0.0,0.0
4481,2.0,143.0,143.0,192.6,2.0,3.0,0.0,0.0
2216,1.0,415.0,415.0,415.0,2.0,5.0,1.0,0.2
1132,1.0,191.0,191.0,191.0,2.0,6.0,0.0,0.0
4878,2.0,105.0,105.0,125.8,2.0,1.0,0.0,0.0
3610,2.0,119.5,119.5,207.9,2.0,2.0,0.0,0.0
2263,1.0,140.0,140.0,140.0,2.0,6.0,0.0,0.0
2268,1.0,19.0,19.0,19.0,2.0,3.0,0.0,0.0
2288,2.0,166.5,166.5,197.3,2.0,5.0,0.0,0.0
4581,2.0,164.5,164.5,167.3,2.0,4.0,0.0,0.0
2965,2.0,295.0,295.0,331.8,2.0,4.0,0.0,0.0
3945,2.0,361.0,361.0,414.6,2.0,1.0,0.0,0.0
3375,2.0,143.0,143.0,162.2,2.0,4.0,0.0,0.0
1272,2.0,104.0,104.0,146.4,2.0,8.0,0.0,0.0
1275,2.0,335.0,335.0,467.0,2.0,1.0,0.0,0.0
1300,2.0,256.0,256.0,385.6,2.0,3.0,0.0,0.0
5065,2.0,120.5,120.5,148.1,2.0,3.0,0.0,0.0
1339,1.0,548.0,548.0,548.0,2.0,3.0,1.0,0.3333333333333333
2348,2.0,125.5,125.5,147.5,2.0,7.0,1.0,0.14285714285714285
2847,1.0,69.0,69.0,69.0,2.0,4.0,2.0,0.5
3820,2.0,380.0,380.0,397.6,2.0,4.0,0.0,0.0
5499,2.0,48.5,48.5,59.3,2.0,5.0,0.0,0.0
3051,2.0,472.0,472.0,554.4,2.0,2.0,0.0,0.0
4306,1.0,36.0,36.0,36.0,2.0,3.0,0.0,0.0
2637,1.0,319.0,319.0,319.0,2.0,3.0,1.0,0.3333333333333333
5108,1.0,290.0,290.0,290.0,2.0,6.0,0.0,0.0
2062,2.0,240.5,240.5,357.7,2.0,6.0,0.0,0.0
3295,1.0,223.0,223.0,223.0,2.0,4.0,1.0,0.25
5354,1.0,78.0,78.0,78.0,2.0,3.0,1.0,0.3333333333333333
3300,2.0,112.5,112.5,172.9,2.0,18.0,0.0,0.0
2108,2.0,421.5,421.5,539.5,2.0,2.0,0.0,0.0
5755,2.0,103.5,103.5,159.9,2.0,3.0,0.0,0.0
5883,2.0,67.0,67.0,119.8,2.0,8.0,0.0,0.0
5912,1.0,92.0,92.0,92.0,2.0,4.0,0.0,0.0
6446,2.0,198.0,198.0,314.8,2.0,9.0,0.0,0.0
6476,1.0,26.0,26.0,26.0,2.0,5.0,1.0,0.2
6482,2.0,346.0,346.0,485.2,2.0,2.0,0.0,0.0
6498,2.0,178.0,178.0,205.2,2.0,3.0,0.0,0.0
6595,2.0,138.5,138.5,166.9,2.0,4.0,0.0,0.0
6677,2.0,152.0,152.0,248.0,2.0,7.0,0.0,0.0
6723,1.0,139.0,139.0,139.0,2.0,5.0,1.0,0.2
6744,2.0,222.5,222.5,378.1,2.0,1.0,0.0,0.0
6786,1.0,270.0,270.0,270.0,2.0,5.0,1.0,0.2
6879,2.0,480.0,480.0,525.6,2.0,2.0,0.0,0.0
6934,2.0,68.0,68.0,77.6,2.0,2.0,0.0,0.0
6973,1.0,12.0,12.0,12.0,2.0,4.0,1.0,0.25
7032,1.0,48.0,48.0,48.0,2.0,7.0,1.0,0.14285714285714285
7079,2.0,133.5,133.5,197.1,2.0,5.0,1.0,0.2
7091,2.0,32.5,32.5,40.9,2.0,5.0,0.0,0.0
7226,2.0,223.5,223.5,268.7,2.0,1.0,0.0,0.0
7317,2.0,27.0,27.0,44.6,2.0,4.0,0.0,0.0
7400,2.0,188.0,188.0,240.0,2.0,4.0,0.0,0.0
7412,2.0,272.0,272.0,272.8,2.0,2.0,0.0,0.0
7541,2.0,120.5,120.5,190.5,2.0,4.0,0.0,0.0
1726,2.0,366.0,366.0,384.4,2.0,4.0,0.0,0.0
7631,2.0,334.5,334.5,357.3,2.0,7.0,1.0,0.14285714285714285
7673,1.0,36.0,36.0,36.0,2.0,5.0,1.0,0.2
7677,1.0,162.0,162.0,162.0,2.0,6.0,0.0,0.0
7754,2.0,319.5,319.5,435.1,2.0,3.0,0.0,0.0
7860,2.0,435.5,435.5,631.1,2.0,2.0,0.0,0.0
4340,2.0,148.0,148.0,156.8,2.0,5.0,0.0,0.0
8362,1.0,23.0,23.0,23.0,2.0,6.0,0.0,0.0
8631,1.0,224.0,224.0,224.0,2.0,4.0,1.0,0.25
8764,2.0,26.5,26.5,26.9,2.0,4.0,0.0,0.0
9024,2.0,439.5,439.5,615.9,2.0,2.0,0.0,0.0
9047,2.0,57.0,57.0,95.4,2.0,2.0,0.0,0.0
9100,2.0,43.0,43.0,70.2,2.0,12.0,0.0,0.0
9103,1.0,18.0,18.0,18.0,2.0,2.0,0.0,0.0
9109,2.0,196.5,196.5,255.3,2.0,4.0,0.0,0.0
9254,1.0,165.0,165.0,165.0,2.0,2.0,1.0,0.5
9349,1.0,262.0,262.0,262.0,2.0,2.0,1.0,0.5
9382,2.0,107.0,107.0,139.0,2.0,2.0,0.0,0.0
9464,2.0,117.5,117.5,163.5,2.0,6.0,0.0,0.0
9810,2.0,255.0,255.0,359.0,2.0,3.0,0.0,0.0
9897,1.0,194.0,194.0,194.0,2.0,6.0,0.0,0.0
9923,1.0,64.0,64.0,64.0,2.0,3.0,1.0,0.3333333333333333
1534,1.0,141.0,141.0,141.0,1.0,4.0,0.0,0.0
1542,1.0,34.0,34.0,34.0,1.0,6.0,0.0,0.0
1545,1.0,297.0,297.0,297.0,1.0,1.0,0.0,0.0
1570,1.0,12.0,12.0,12.0,1.0,3.0,0.0,0.0
1576,1.0,406.0,406.0,406.0,1.0,2.0,0.0,0.0
1593,1.0,65.0,65.0,65.0,1.0,2.0,0.0,0.0
1594,1.0,108.0,108.0,108.0,1.0,5.0,0.0,0.0
1598,1.0,483.0,483.0,483.0,1.0,6.0,0.0,0.0
1613,1.0,512.0,512.0,512.0,1.0,5.0,0.0,0.0
1616,1.0,215.0,215.0,215.0,1.0,4.0,1.0,0.25
1617,1.0,212.0,212.0,212.0,1.0,1.0,0.0,0.0
1629,1.0,40.0,40.0,40.0,1.0,1.0,0.0,0.0
1638,1.0,94.0,94.0,94.0,1.0,3.0,0.0,0.0
1658,1.0,27.0,27.0,27.0,1.0,5.0,0.0,0.0
1659,1.0,216.0,216.0,216.0,1.0,4.0,0.0,0.0
1661,1.0,45.0,45.0,45.0,1.0,5.0,0.0,0.0
1684,1.0,105.0,105.0,105.0,1.0,1.0,0.0,0.0
1686,1.0,296.0,296.0,296.0,1.0,7.0,0.0,0.0
1689,1.0,68.0,68.0,68.0,1.0,5.0,1.0,0.2
1697,1.0,417.0,417.0,417.0,1.0,2.0,0.0,0.0
1703,1.0,247.0,247.0,247.0,1.0,2.0,0.0,0.0
1704,1.0,301.0,301.0,301.0,1.0,5.0,1.0,0.2
1707,1.0,496.0,496.0,496.0,1.0,6.0,0.0,0.0
1755,1.0,15.0,15.0,15.0,1.0,2.0,0.0,0.0
1756,1.0,278.0,278.0,278.0,1.0,4.0,0.0,0.0
1757,1.0,162.0,162.0,162.0,1.0,2.0,0.0,0.0
1764,1.0,335.0,335.0,335.0,1.0,0.0,0.0,0.0
1766,1.0,158.0,158.0,158.0,1.0,1.0,0.0,0.0
1795,1.0,96.0,96.0,96.0,1.0,6.0,0.0,0.0
1815,1.0,203.0,203.0,203.0,1.0,4.0,0.0,0.0
1819,1.0,51.0,51.0,51.0,1.0,3.0,0.0,0.0
1822,1.0,8.0,8.0,8.0,1.0,4.0,0.0,0.0
1850,1.0,106.0,106.0,106.0,1.0,7.0,0.0,0.0
1852,1.0,577.0,577.0,577.0,1.0,5.0,0.0,0.0
1864,1.0,85.0,85.0,85.0,1.0,1.0,0.0,0.0
1889,1.0,86.0,86.0,86.0,1.0,4.0,0.0,0.0
1917,1.0,246.0,246.0,246.0,1.0,4.0,0.0,0.0
1919,1.0,338.0,338.0,338.0,1.0,3.0,0.0,0.0
1922,1.0,226.0,226.0,226.0,1.0,4.0,0.0,0.0
1924,1.0,295.0,295.0,295.0,1.0,8.0,0.0,0.0
1926,1.0,110.0,110.0,110.0,1.0,5.0,0.0,0.0
1965,1.0,286.0,286.0,286.0,1.0,4.0,0.0,0.0
1972,1.0,133.0,133.0,133.0,1.0,7.0,0.0,0.0
1986,1.0,442.0,442.0,442.0,1.0,1.0,0.0,0.0
1989,1.0,226.0,226.0,226.0,1.0,2.0,0.0,0.0
1996,1.0,137.0,137.0,137.0,1.0,4.0,0.0,0.0
2000,1.0,31.0,31.0,31.0,1.0,7.0,0.0,0.0
2033,1.0,21.0,21.0,21.0,1.0,3.0,0.0,0.0
2045,1.0,707.0,707.0,707.0,1.0,1.0,0.0,0.0
2047,1.0,167.0,167.0,167.0,1.0,3.0,0.0,0.0
2056,1.0,24.0,24.0,24.0,1.0,4.0,0.0,0.0
2078,1.0,301.0,301.0,301.0,1.0,0.0,0.0,0.0
2082,1.0,123.0,123.0,123.0,1.0,5.0,0.0,0.0
2107,1.0,259.0,259.0,259.0,1.0,4.0,0.0,0.0
2124,1.0,361.0,361.0,361.0,1.0,4.0,0.0,0.0
2134,1.0,157.0,157.0,157.0,1.0,5.0,0.0,0.0
2143,1.0,31.0,31.0,31.0,1.0,3.0,0.0,0.0
2175,1.0,385.0,385.0,385.0,1.0,1.0,0.0,0.0
2212,1.0,491.0,491.0,491.0,1.0,5.0,1.0,0.2
2213,1.0,183.0,183.0,183.0,1.0,4.0,0.0,0.0
2238,1.0,21.0,21.0,21.0,1.0,5.0,0.0,0.0
2254,1.0,282.0,282.0,282.0,1.0,4.0,0.0,0.0
2293,1.0,93.0,93.0,93.0,1.0,1.0,0.0,0.0
2295,1.0,364.0,364.0,364.0,1.0,2.0,0.0,0.0
2300,1.0,503.0,503.0,503.0,1.0,2.0,0.0,0.0
2302,1.0,145.0,145.0,145.0,1.0,2.0,0.0,0.0
2308,1.0,502.0,502.0,502.0,1.0,2.0,0.0,0.0
2313,1.0,60.0,60.0,60.0,1.0,3.0,0.0,0.0
2325,1.0,173.0,173.0,173.0,1.0,4.0,0.0,0.0
2353,1.0,213.0,213.0,213.0,1.0,2.0,0.0,0.0
2357,1.0,131.0,131.0,131.0,1.0,2.0,0.0,0.0
2365,1.0,373.0,373.0,373.0,1.0,3.0,0.0,0.0
2369,1.0,421.0,421.0,421.0,1.0,1.0,0.0,0.0
2375,1.0,341.0,341.0,341.0,1.0,4.0,0.0,0.0
2383,1.0,152.0,152.0,152.0,1.0,2.0,0.0,0.0
2395,1.0,318.0,318.0,318.0,1.0,4.0,0.0,0.0
2410,1.0,2.0,2.0,2.0,1.0,7.0,0.0,0.0
2421,1.0,269.0,269.0,269.0,1.0,5.0,0.0,0.0
2423,1.0,231.0,231.0,231.0,1.0,4.0,0.0,0.0
2427,1.0,364.0,364.0,364.0,1.0,4.0,0.0,0.0
2449,1.0,17.0,17.0,17.0,1.0,0.0,0.0,0.0
2460,1.0,650.0,650.0,650.0,1.0,3.0,0.0,0.0
2461,1.0,12.0,12.0,12.0,1.0,3.0,0.0,0.0
2463,1.0,546.0,546.0,546.0,1.0,1.0,0.0,0.0
2474,1.0,69.0,69.0,69.0,1.0,4.0,0.0,0.0
2476,1.0,253.0,253.0,253.0,1.0,3.0,0.0,0.0
2478,1.0,178.0,178.0,178.0,1.0,4.0,0.0,0.0
2497,1.0,24.0,24.0,24.0,1.0,4.0,0.0,0.0
2502,1.0,182.0,182.0,182.0,1.0,2.0,0.0,0.0
2513,1.0,5.0,5.0,5.0,1.0,4.0,0.0,0.0
2517,1.0,187.0,187.0,187.0,1.0,5.0,0.0,0.0
2518,1.0,241.0,241.0,241.0,1.0,3.0,0.0,0.0
2542,1.0,167.0,167.0,167.0,1.0,4.0,0.0,0.0
2568,1.0,138.0,138.0,138.0,1.0,3.0,0.0,0.0
2574,1.0,122.0,122.0,122.0,1.0,6.0,0.0,0.0
2584,1.0,138.0,138.0,138.0,1.0,5.0,0.0,0.0
2620,1.0,20.0,20.0,20.0,1.0,6.0,0.0,0.0
2621,1.0,499.0,499.0,499.0,1.0,2.0,0.0,0.0
2622,1.0,326.0,326.0,326.0,1.0,2.0,0.0,0.0
2655,1.0,192.0,192.0,192.0,1.0,3.0,0.0,0.0
2657,1.0,129.0,129.0,129.0,1.0,3.0,0.0,0.0
2660,1.0,168.0,168.0,168.0,1.0,4.0,0.0,0.0
2671,1.0,162.0,162.0,162.0,1.0,5.0,0.0,0.0
2675,1.0,282.0,282.0,282.0,1.0,3.0,0.0,0.0
2711,1.0,120.0,120.0,120.0,1.0,5.0,0.0,0.0
2713,1.0,108.0,108.0,108.0,1.0,3.0,0.0,0.0
2720,1.0,21.0,21.0,21.0,1.0,3.0,0.0,0.0
2725,1.0,163.0,163.0,163.0,1.0,1.0,0.0,0.0
2741,1.0,48.0,48.0,48.0,1.0,4.0,0.0,0.0
2744,1.0,398.0,398.0,398.0,1.0,3.0,0.0,0.0
2750,1.0,271.0,271.0,271.0,1.0,1.0,0.0,0.0
2758,1.0,72.0,72.0,72.0,1.0,5.0,0.0,0.0
2767,1.0,154.0,154.0,154.0,1.0,1.0,0.0,0.0
2783,1.0,233.0,233.0,233.0,1.0,3.0,0.0,0.0
2792,1.0,256.0,256.0,256.0,1.0,2.0,0.0,0.0
2793,1.0,149.0,149.0,149.0,1.0,3.0,0.0,0.0
2832,1.0,150.0,150.0,150.0,1.0,3.0,0.0,0.0
2846,1.0,374.0,374.0,374.0,1.0,7.0,0.0,0.0
2858,1.0,268.0,268.0,268.0,1.0,3.0,0.0,0.0
2861,1.0,337.0,337.0,337.0,1.0,4.0,0.0,0.0
2864,1.0,328.0,328.0,328.0,1.0,3.0,0.0,0.0
2866,1.0,60.0,60.0,60.0,1.0,2.0,0.0,0.0
2869,1.0,8.0,8.0,8.0,1.0,3.0,0.0,0.0
2872,1.0,87.0,87.0,87.0,1.0,4.0,0.0,0.0
2888,1.0,295.0,295.0,295.0,1.0,5.0,0.0,0.0
2896,1.0,63.0,63.0,63.0,1.0,4.0,0.0,0.0
2898,1.0,331.0,331.0,331.0,1.0,7.0,0.0,0.0
2917,1.0,324.0,324.0,324.0,1.0,3.0,0.0,0.0
2920,1.0,74.0,74.0,74.0,1.0,4.0,0.0,0.0
2922,1.0,512.0,512.0,512.0,1.0,5.0,0.0,0.0
2927,1.0,759.0,759.0,759.0,1.0,0.0,0.0,0.0
2930,1.0,327.0,327.0,327.0,1.0,1.0,0.0,0.0
2935,1.0,84.0,84.0,84.0,1.0,4.0,0.0,0.0
2947,1.0,6.0,6.0,6.0,1.0,5.0,0.0,0.0
2966,1.0,19.0,19.0,19.0,1.0,4.0,0.0,0.0
2974,1.0,98.0,98.0,98.0,1.0,5.0,0.0,0.0
2976,1.0,138.0,138.0,138.0,1.0,3.0,0.0,0.0
3008,1.0,224.0,224.0,224.0,1.0,4.0,0.0,0.0
3015,1.0,449.0,449.0,449.0,1.0,3.0,0.0,0.0
3020,1.0,75.0,75.0,75.0,1.0,3.0,0.0,0.0
3030,1.0,124.0,124.0,124.0,1.0,2.0,0.0,0.0
3075,1.0,427.0,427.0,427.0,1.0,3.0,0.0,0.0
3079,1.0,182.0,182.0,182.0,1.0,3.0,0.0,0.0
3081,1.0,183.0,183.0,183.0,1.0,1.0,0.0,0.0
3083,1.0,207.0,207.0,207.0,1.0,1.0,0.0,0.0
3096,1.0,540.0,540.0,540.0,1.0,3.0,0.0,0.0
3131,1.0,61.0,61.0,61.0,1.0,5.0,0.0,0.0
3134,1.0,187.0,187.0,187.0,1.0,2.0,0.0,0.0
3137,1.0,31.0,31.0,31.0,1.0,6.0,0.0,0.0
3143,1.0,273.0,273.0,273.0,1.0,5.0,0.0,0.0
3155,1.0,557.0,557.0,557.0,1.0,1.0,0.0,0.0
3158,1.0,333.0,333.0,333.0,1.0,3.0,0.0,0.0
3175,1.0,27.0,27.0,27.0,1.0,1.0,0.0,0.0
3192,1.0,366.0,366.0,366.0,1.0,2.0,0.0,0.0
3196,1.0,343.0,343.0,343.0,1.0,3.0,0.0,0.0
3201,1.0,40.0,40.0,40.0,1.0,2.0,0.0,0.0
3209,1.0,190.0,190.0,190.0,1.0,3.0,0.0,0.0
3210,1.0,6.0,6.0,6.0,1.0,3.0,0.0,0.0
3226,1.0,425.0,425.0,425.0,1.0,3.0,0.0,0.0
3249,1.0,257.0,257.0,257.0,1.0,3.0,0.0,0.0
3254,1.0,72.0,72.0,72.0,1.0,2.0,0.0,0.0
3264,1.0,42.0,42.0,42.0,1.0,2.0,0.0,0.0
3271,1.0,117.0,117.0,117.0,1.0,3.0,0.0,0.0
3298,1.0,667.0,667.0,667.0,1.0,1.0,0.0,0.0
3306,1.0,382.0,382.0,382.0,1.0,4.0,0.0,0.0
3315,1.0,500.0,500.0,500.0,1.0,3.0,0.0,0.0
3338,1.0,210.0,210.0,210.0,1.0,4.0,0.0,0.0
3339,1.0,576.0,576.0,576.0,1.0,3.0,0.0,0.0
3352,1.0,202.0,202.0,202.0,1.0,1.0,0.0,0.0
3354,1.0,387.0,387.0,387.0,1.0,2.0,0.0,0.0
3363,1.0,215.0,215.0,215.0,1.0,5.0,0.0,0.0
3368,1.0,57.0,57.0,57.0,1.0,2.0,0.0,0.0
3371,1.0,45.0,45.0,45.0,1.0,2.0,0.0,0.0
3383,1.0,12.0,12.0,12.0,1.0,6.0,0.0,0.0
3391,1.0,12.0,12.0,12.0,1.0,2.0,0.0,0.0
3430,1.0,77.0,77.0,77.0,1.0,5.0,0.0,0.0
3432,1.0,6.0,6.0,6.0,1.0,6.0,0.0,0.0
3456,1.0,533.0,533.0,533.0,1.0,3.0,0.0,0.0
3499,1.0,4.0,4.0,4.0,1.0,6.0,0.0,0.0
3516,1.0,25.0,25.0,25.0,1.0,0.0,0.0,0.0
3519,1.0,90.0,90.0,90.0,1.0,2.0,0.0,0.0
3525,1.0,104.0,104.0,104.0,1.0,3.0,0.0,0.0
3534,1.0,337.0,337.0,337.0,1.0,3.0,0.0,0.0
3540,1.0,21.0,21.0,21.0,1.0,4.0,0.0,0.0
3565,1.0,38.0,38.0,38.0,1.0,6.0,0.0,0.0
3581,1.0,22.0,22.0,22.0,1.0,3.0,0.0,0.0
3599,1.0,22.0,22.0,22.0,1.0,2.0,0.0,0.0
3612,1.0,22.0,22.0,22.0,1.0,4.0,0.0,0.0
3635,1.0,205.0,205.0,205.0,1.0,2.0,0.0,0.0
3646,1.0,389.0,389.0,389.0,1.0,4.0,0.0,0.0
3652,1.0,21.0,21.0,21.0,1.0,4.0,0.0,0.0
3658,1.0,96.0,96.0,96.0,1.0,6.0,0.0,0.0
3664,1.0,107.0,107.0,107.0,1.0,1.0,0.0,0.0
3670,1.0,581.0,581.0,581.0,1.0,6.0,0.0,0.0
3672,1.0,238.0,238.0,238.0,1.0,3.0,0.0,0.0
3675,1.0,379.0,379.0,379.0,1.0,2.0,0.0,0.0
3682,1.0,317.0,317.0,317.0,1.0,4.0,0.0,0.0
3702,1.0,360.0,360.0,360.0,1.0,1.0,0.0,0.0
3703,1.0,114.0,114.0,114.0,1.0,6.0,0.0,0.0
3704,1.0,62.0,62.0,62.0,1.0,3.0,0.0,0.0
3719,1.0,184.0,184.0,184.0,1.0,3.0,0.0,0.0
3726,1.0,49.0,49.0,49.0,1.0,1.0,0.0,0.0
3762,1.0,179.0,179.0,179.0,1.0,2.0,0.0,0.0
3765,1.0,275.0,275.0,275.0,1.0,1.0,0.0,0.0
3775,1.0,153.0,153.0,153.0,1.0,4.0,0.0,0.0
3779,1.0,80.0,80.0,80.0,1.0,3.0,0.0,0.0
3780,1.0,43.0,43.0,43.0,1.0,3.0,0.0,0.0
3790,1.0,218.0,218.0,218.0,1.0,2.0,0.0,0.0
3836,1.0,149.0,149.0,149.0,1.0,3.0,0.0,0.0
3864,1.0,239.0,239.0,239.0,1.0,2.0,0.0,0.0
3871,1.0,130.0,130.0,130.0,1.0,5.0,1.0,0.2
3872,1.0,311.0,311.0,311.0,1.0,2.0,0.0,0.0
3874,1.0,618.0,618.0,618.0,1.0,3.0,0.0,0.0
3898,1.0,444.0,444.0,444.0,1.0,9.0,0.0,0.0
3899,1.0,237.0,237.0,237.0,1.0,3.0,0.0,0.0
3902,1.0,46.0,46.0,46.0,1.0,2.0,0.0,0.0
3932,1.0,246.0,246.0,246.0,1.0,3.0,0.0,0.0
3936,1.0,122.0,122.0,122.0,1.0,5.0,0.0,0.0
3943,1.0,45.0,45.0,45.0,1.0,4.0,0.0,0.0
3948,1.0,428.0,428.0,428.0,1.0,5.0,0.0,0.0
3968,1.0,118.0,118.0,118.0,1.0,2.0,0.0,0.0
4006,1.0,166.0,166.0,166.0,1.0,2.0,0.0,0.0
4007,1.0,523.0,523.0,523.0,1.0,2.0,0.0,0.0
4008,1.0,371.0,371.0,371.0,1.0,3.0,0.0,0.0
4009,1.0,194.0,194.0,194.0,1.0,2.0,0.0,0.0
4029,1.0,68.0,68.0,68.0,1.0,6.0,0.0,0.0
4037,1.0,253.0,253.0,253.0,1.0,1.0,0.0,0.0
4048,1.0,527.0,527.0,527.0,1.0,3.0,0.0,0.0
4049,1.0,145.0,145.0,145.0,1.0,3.0,0.0,0.0
4052,1.0,207.0,207.0,207.0,1.0,5.0,0.0,0.0
4054,1.0,246.0,246.0,246.0,1.0,4.0,0.0,0.0
4088,1.0,4.0,4.0,4.0,1.0,1.0,0.0,0.0
4114,1.0,86.0,86.0,86.0,1.0,1.0,0.0,0.0
4123,1.0,368.0,368.0,368.0,1.0,4.0,0.0,0.0
4144,1.0,583.0,583.0,583.0,1.0,3.0,0.0,0.0
4146,1.0,220.0,220.0,220.0,1.0,6.0,0.0,0.0
4151,1.0,159.0,159.0,159.0,1.0,4.0,0.0,0.0
4187,1.0,200.0,200.0,200.0,1.0,3.0,0.0,0.0
4195,1.0,183.0,183.0,183.0,1.0,3.0,0.0,0.0
4197,1.0,28.0,28.0,28.0,1.0,6.0,0.0,0.0
4208,1.0,55.0,55.0,55.0,1.0,3.0,0.0,0.0
4215,1.0,376.0,376.0,376.0,1.0,6.0,0.0,0.0
4238,1.0,290.0,290.0,290.0,1.0,7.0,1.0,0.14285714285714285
4249,1.0,131.0,131.0,131.0,1.0,6.0,0.0,0.0
4254,1.0,23.0,23.0,23.0,1.0,5.0,0.0,0.0
4269,1.0,364.0,364.0,364.0,1.0,1.0,0.0,0.0
4324,1.0,537.0,537.0,537.0,1.0,4.0,0.0,0.0
4338,1.0,291.0,291.0,291.0,1.0,4.0,0.0,0.0
4360,1.0,481.0,481.0,481.0,1.0,1.0,0.0,0.0
4362,1.0,577.0,577.0,577.0,1.0,3.0,0.0,0.0
4368,1.0,163.0,163.0,163.0,1.0,3.0,0.0,0.0
4387,1.0,46.0,46.0,46.0,1.0,5.0,0.0,0.0
4418,1.0,413.0,413.0,413.0,1.0,4.0,0.0,0.0
4431,1.0,13.0,13.0,13.0,1.0,5.0,0.0,0.0
4432,1.0,124.0,124.0,124.0,1.0,0.0,0.0,0.0
4434,1.0,211.0,211.0,211.0,1.0,2.0,0.0,0.0
4445,1.0,766.0,766.0,766.0,1.0,2.0,0.0,0.0
4449,1.0,29.0,29.0,29.0,1.0,4.0,0.0,0.0
4450,1.0,523.0,523.0,523.0,1.0,2.0,0.0,0.0
4452,1.0,53.0,53.0,53.0,1.0,9.0,0.0,0.0
4485,1.0,6.0,6.0,6.0,1.0,2.0,0.0,0.0
4493,1.0,34.0,34.0,34.0,1.0,1.0,0.0,0.0
4511,1.0,220.0,220.0,220.0,1.0,2.0,0.0,0.0
4533,1.0,36.0,36.0,36.0,1.0,3.0,0.0,0.0
4550,1.0,140.0,140.0,140.0,1.0,6.0,0.0,0.0
4554,1.0,238.0,238.0,238.0,1.0,4.0,0.0,0.0
4566,1.0,206.0,206.0,206.0,1.0,1.0,0.0,0.0
4578,1.0,263.0,263.0,263.0,1.0,3.0,0.0,0.0
4586,1.0,204.0,204.0,204.0,1.0,2.0,0.0,0.0
4619,1.0,81.0,81.0,81.0,1.0,2.0,0.0,0.0
4650,1.0,147.0,147.0,147.0,1.0,1.0,0.0,0.0
4661,1.0,87.0,87.0,87.0,1.0,2.0,0.0,0.0
4662,1.0,99.0,99.0,99.0,1.0,2.0,0.0,0.0
4676,1.0,543.0,543.0,543.0,1.0,5.0,0.0,0.0
4683,1.0,176.0,176.0,176.0,1.0,1.0,0.0,0.0
4685,1.0,232.0,232.0,232.0,1.0,1.0,0.0,0.0
4699,1.0,478.0,478.0,478.0,1.0,3.0,0.0,0.0
4735,1.0,30.0,30.0,30.0,1.0,2.0,0.0,0.0
4736,1.0,338.0,338.0,338.0,1.0,4.0,0.0,0.0
4750,1.0,54.0,54.0,54.0,1.0,2.0,0.0,0.0
4751,1.0,130.0,130.0,130.0,1.0,4.0,0.0,0.0
4768,1.0,410.0,410.0,410.0,1.0,4.0,0.0,0.0
4769,1.0,149.0,149.0,149.0,1.0,0.0,0.0,0.0
4775,1.0,17.0,17.0,17.0,1.0,3.0,0.0,0.0
4783,1.0,331.0,331.0,331.0,1.0,2.0,0.0,0.0
4809,1.0,423.0,423.0,423.0,1.0,3.0,0.0,0.0
4822,1.0,3.0,3.0,3.0,1.0,6.0,0.0,0.0
4829,1.0,274.0,274.0,274.0,1.0,4.0,0.0,0.0
4842,1.0,53.0,53.0,53.0,1.0,3.0,0.0,0.0
4844,1.0,455.0,455.0,455.0,1.0,8.0,0.0,0.0
4871,1.0,425.0,425.0,425.0,1.0,8.0,0.0,0.0
4907,1.0,99.0,99.0,99.0,1.0,4.0,0.0,0.0
4917,1.0,777.0,777.0,777.0,1.0,2.0,0.0,0.0
4936,1.0,53.0,53.0,53.0,1.0,4.0,0.0,0.0
4939,1.0,149.0,149.0,149.0,1.0,6.0,0.0,0.0
4946,1.0,630.0,630.0,630.0,1.0,2.0,0.0,0.0
4976,1.0,173.0,173.0,173.0,1.0,3.0,0.0,0.0
5002,1.0,141.0,141.0,141.0,1.0,3.0,0.0,0.0
5007,1.0,210.0,210.0,210.0,1.0,2.0,0.0,0.0
5016,1.0,28.0,28.0,28.0,1.0,4.0,0.0,0.0
5028,1.0,1.0,1.0,1.0,1.0,5.0,0.0,0.0
5032,1.0,324.0,324.0,324.0,1.0,3.0,0.0,0.0
5033,1.0,322.0,322.0,322.0,1.0,3.0,0.0,0.0
5045,1.0,371.0,371.0,371.0,1.0,0.0,0.0,0.0
5060,1.0,555.0,555.0,555.0,1.0,2.0,0.0,0.0
5064,1.0,42.0,42.0,42.0,1.0,2.0,0.0,0.0
5069,1.0,86.0,86.0,86.0,1.0,2.0,0.0,0.0
5074,1.0,313.0,313.0,313.0,1.0,2.0,0.0,0.0
5084,1.0,433.0,433.0,433.0,1.0,3.0,0.0,0.0
5093,1.0,315.0,315.0,315.0,1.0,6.0,0.0,0.0
5103,1.0,48.0,48.0,48.0,1.0,2.0,0.0,0.0
5117,1.0,82.0,82.0,82.0,1.0,3.0,0.0,0.0
5118,1.0,555.0,555.0,555.0,1.0,3.0,0.0,0.0
5125,1.0,26.0,26.0,26.0,1.0,2.0,0.0,0.0
5131,1.0,122.0,122.0,122.0,1.0,3.0,0.0,0.0
5133,1.0,452.0,452.0,452.0,1.0,3.0,0.0,0.0
5135,1.0,586.0,586.0,586.0,1.0,1.0,0.0,0.0
5137,1.0,525.0,525.0,525.0,1.0,2.0,0.0,0.0
5139,1.0,32.0,32.0,32.0,1.0,3.0,0.0,0.0
5174,1.0,466.0,466.0,466.0,1.0,5.0,0.0,0.0
5190,1.0,231.0,231.0,231.0,1.0,4.0,0.0,0.0
5191,1.0,344.0,344.0,344.0,1.0,4.0,0.0,0.0
5192,1.0,638.0,638.0,638.0,1.0,0.0,0.0,0.0
5195,1.0,256.0,256.0,256.0,1.0,3.0,0.0,0.0
5196,1.0,57.0,57.0,57.0,1.0,5.0,0.0,0.0
5199,1.0,89.0,89.0,89.0,1.0,5.0,0.0,0.0
5202,1.0,121.0,121.0,121.0,1.0,4.0,0.0,0.0
5210,1.0,7.0,7.0,7.0,1.0,2.0,0.0,0.0
5226,1.0,260.0,260.0,260.0,1.0,5.0,0.0,0.0
5229,1.0,167.0,167.0,167.0,1.0,5.0,1.0,0.2
5231,1.0,367.0,367.0,367.0,1.0,3.0,0.0,0.0
5234,1.0,586.0,586.0,586.0,1.0,2.0,0.0,0.0
5241,1.0,292.0,292.0,292.0,1.0,2.0,0.0,0.0
5248,1.0,691.0,691.0,691.0,1.0,2.0,0.0,0.0
5273,1.0,135.0,135.0,135.0,1.0,5.0,0.0,0.0
5277,1.0,240.0,240.0,240.0,1.0,5.0,0.0,0.0
5285,1.0,262.0,262.0,262.0,1.0,5.0,0.0,0.0
5311,1.0,107.0,107.0,107.0,1.0,6.0,0.0,0.0
5321,1.0,198.0,198.0,198.0,1.0,9.0,0.0,0.0
5328,1.0,406.0,406.0,406.0,1.0,4.0,0.0,0.0
5329,1.0,422.0,422.0,422.0,1.0,3.0,0.0,0.0
5351,1.0,318.0,318.0,318.0,1.0,4.0,0.0,0.0
5372,1.0,485.0,485.0,485.0,1.0,1.0,0.0,0.0
5375,1.0,322.0,322.0,322.0,1.0,4.0,0.0,0.0
5379,1.0,133.0,133.0,133.0,1.0,2.0,0.0,0.0
5381,1.0,68.0,68.0,68.0,1.0,1.0,0.0,0.0
5383,1.0,131.0,131.0,131.0,1.0,1.0,0.0,0.0
5415,1.0,255.0,255.0,255.0,1.0,2.0,0.0,0.0
5430,1.0,238.0,238.0,238.0,1.0,5.0,0.0,0.0
5434,1.0,384.0,384.0,384.0,1.0,5.0,0.0,0.0
5453,1.0,347.0,347.0,347.0,1.0,3.0,0.0,0.0
5460,1.0,94.0,94.0,94.0,1.0,6.0,0.0,0.0
5464,1.0,414.0,414.0,414.0,1.0,6.0,0.0,0.0
5470,1.0,87.0,87.0,87.0,1.0,8.0,0.0,0.0
5471,1.0,525.0,525.0,525.0,1.0,1.0,0.0,0.0
5472,1.0,427.0,427.0,427.0,1.0,4.0,0.0,0.0
5477,1.0,185.0,185.0,185.0,1.0,3.0,0.0,0.0
5496,1.0,5.0,5.0,5.0,1.0,1.0,0.0,0.0
5500,1.0,16.0,16.0,16.0,1.0,10.0,0.0,0.0
5503,1.0,172.0,172.0,172.0,1.0,2.0,0.0,0.0
5507,1.0,2.0,2.0,2.0,1.0,4.0,0.0,0.0
5514,1.0,135.0,135.0,135.0,1.0,4.0,0.0,0.0
5551,1.0,276.0,276.0,276.0,1.0,2.0,0.0,0.0
5556,1.0,245.0,245.0,245.0,1.0,3.0,0.0,0.0
5576,1.0,291.0,291.0,291.0,1.0,2.0,0.0,0.0
5579,1.0,119.0,119.0,119.0,1.0,2.0,0.0,0.0
5582,1.0,273.0,273.0,273.0,1.0,1.0,0.0,0.0
5590,1.0,51.0,51.0,51.0,1.0,3.0,0.0,0.0
5600,1.0,44.0,44.0,44.0,1.0,2.0,0.0,0.0
5607,1.0,189.0,189.0,189.0,1.0,4.0,0.0,0.0
5608,1.0,43.0,43.0,43.0,1.0,6.0,0.0,0.0
5639,1.0,337.0,337.0,337.0,1.0,5.0,0.0,0.0
5640,1.0,35.0,35.0,35.0,1.0,4.0,0.0,0.0
1047,1.0,191.0,191.0,191.0,1.0,4.0,0.0,0.0
5675,1.0,136.0,136.0,136.0,1.0,1.0,0.0,0.0
5684,1.0,288.0,288.0,288.0,1.0,6.0,0.0,0.0
5694,1.0,5.0,5.0,5.0,1.0,3.0,0.0,0.0
5696,1.0,313.0,313.0,313.0,1.0,2.0,0.0,0.0
5700,1.0,160.0,160.0,160.0,1.0,2.0,0.0,0.0
5720,1.0,246.0,246.0,246.0,1.0,5.0,0.0,0.0
5724,1.0,2.0,2.0,2.0,1.0,2.0,0.0,0.0
5725,1.0,68.0,68.0,68.0,1.0,3.0,0.0,0.0
5740,1.0,240.0,240.0,240.0,1.0,2.0,0.0,0.0
5747,1.0,582.0,582.0,582.0,1.0,4.0,0.0,0.0
1063,1.0,22.0,22.0,22.0,1.0,2.0,0.0,0.0
5762,1.0,81.0,81.0,81.0,1.0,0.0,0.0,0.0
5765,1.0,170.0,170.0,170.0,1.0,2.0,0.0,0.0
5767,1.0,252.0,252.0,252.0,1.0,2.0,0.0,0.0
5772,1.0,212.0,212.0,212.0,1.0,0.0,0.0,0.0
5779,1.0,13.0,13.0,13.0,1.0,4.0,0.0,0.0
5780,1.0,128.0,128.0,128.0,1.0,4.0,0.0,0.0
5802,1.0,26.0,26.0,26.0,1.0,2.0,0.0,0.0
5809,1.0,16.0,16.0,16.0,1.0,4.0,0.0,0.0
5811,1.0,88.0,88.0,88.0,1.0,2.0,0.0,0.0
5816,1.0,78.0,78.0,78.0,1.0,6.0,1.0,0.16666666666666666
5817,1.0,233.0,233.0,233.0,1.0,3.0,0.0,0.0
5829,1.0,84.0,84.0,84.0,1.0,4.0,0.0,0.0
5838,1.0,216.0,216.0,216.0,1.0,3.0,0.0,0.0
5850,1.0,43.0,43.0,43.0,1.0,6.0,0.0,0.0
5851,1.0,15.0,15.0,15.0,1.0,4.0,0.0,0.0
5853,1.0,586.0,586.0,586.0,1.0,0.0,0.0,0.0
5860,1.0,103.0,103.0,103.0,1.0,2.0,0.0,0.0
5868,1.0,64.0,64.0,64.0,1.0,5.0,0.0,0.0
5876,1.0,161.0,161.0,161.0,1.0,3.0,0.0,0.0
5879,1.0,601.0,601.0,601.0,1.0,3.0,0.0,0.0
1066,1.0,30.0,30.0,30.0,1.0,2.0,0.0,0.0
5889,1.0,100.0,100.0,100.0,1.0,2.0,0.0,0.0
5903,1.0,65.0,65.0,65.0,1.0,4.0,0.0,0.0
5905,1.0,343.0,343.0,343.0,1.0,3.0,0.0,0.0
5906,1.0,352.0,352.0,352.0,1.0,2.0,0.0,0.0
1092,1.0,213.0,213.0,213.0,1.0,3.0,0.0,0.0
5916,1.0,236.0,236.0,236.0,1.0,7.0,0.0,0.0
5922,1.0,1081.0,1081.0,1081.0,1.0,2.0,0.0,0.0
5944,1.0,291.0,291.0,291.0,1.0,3.0,0.0,0.0
5960,1.0,179.0,179.0,179.0,1.0,1.0,0.0,0.0
5961,1.0,591.0,591.0,591.0,1.0,4.0,0.0,0.0
5963,1.0,254.0,254.0,254.0,1.0,4.0,0.0,0.0
6004,1.0,74.0,74.0,74.0,1.0,4.0,0.0,0.0
6005,1.0,82.0,82.0,82.0,1.0,1.0,0.0,0.0
6013,1.0,242.0,242.0,242.0,1.0,1.0,0.0,0.0
6033,1.0,71.0,71.0,71.0,1.0,3.0,0.0,0.0
6038,1.0,263.0,263.0,263.0,1.0,2.0,0.0,0.0
6057,1.0,619.0,619.0,619.0,1.0,1.0,0.0,0.0
6064,1.0,96.0,96.0,96.0,1.0,7.0,0.0,0.0
6082,1.0,161.0,161.0,161.0,1.0,2.0,0.0,0.0
6096,1.0,171.0,171.0,171.0,1.0,3.0,0.0,0.0
6107,1.0,46.0,46.0,46.0,1.0,4.0,0.0,0.0
6112,1.0,226.0,226.0,226.0,1.0,4.0,0.0,0.0
6117,1.0,300.0,300.0,300.0,1.0,2.0,0.0,0.0
6131,1.0,4.0,4.0,4.0,1.0,5.0,0.0,0.0
6133,1.0,89.0,89.0,89.0,1.0,3.0,1.0,0.3333333333333333
6143,1.0,181.0,181.0,181.0,1.0,7.0,0.0,0.0
6169,1.0,107.0,107.0,107.0,1.0,4.0,1.0,0.25
6178,1.0,210.0,210.0,210.0,1.0,2.0,0.0,0.0
6182,1.0,97.0,97.0,97.0,1.0,4.0,0.0,0.0
6185,1.0,549.0,549.0,549.0,1.0,3.0,0.0,0.0
6193,1.0,321.0,321.0,321.0,1.0,4.0,0.0,0.0
6194,1.0,402.0,402.0,402.0,1.0,3.0,0.0,0.0
6213,1.0,377.0,377.0,377.0,1.0,3.0,0.0,0.0
6224,1.0,381.0,381.0,381.0,1.0,4.0,0.0,0.0
6232,1.0,362.0,362.0,362.0,1.0,5.0,0.0,0.0
6248,1.0,250.0,250.0,250.0,1.0,4.0,0.0,0.0
6258,1.0,279.0,279.0,279.0,1.0,3.0,0.0,0.0
6262,1.0,107.0,107.0,107.0,1.0,4.0,0.0,0.0
6270,1.0,470.0,470.0,470.0,1.0,2.0,0.0,0.0
6275,1.0,166.0,166.0,166.0,1.0,4.0,0.0,0.0
6287,1.0,604.0,604.0,604.0,1.0,1.0,0.0,0.0
6288,1.0,230.0,230.0,230.0,1.0,2.0,0.0,0.0
6314,1.0,22.0,22.0,22.0,1.0,2.0,0.0,0.0
6318,1.0,379.0,379.0,379.0,1.0,3.0,1.0,0.3333333333333333
6320,1.0,168.0,168.0,168.0,1.0,3.0,0.0,0.0
6325,1.0,14.0,14.0,14.0,1.0,7.0,0.0,0.0
6329,1.0,125.0,125.0,125.0,1.0,4.0,0.0,0.0
6332,1.0,90.0,90.0,90.0,1.0,4.0,0.0,0.0
6343,1.0,15.0,15.0,15.0,1.0,4.0,0.0,0.0
6350,1.0,123.0,123.0,123.0,1.0,2.0,0.0,0.0
6353,1.0,44.0,44.0,44.0,1.0,5.0,0.0,0.0
6361,1.0,543.0,543.0,543.0,1.0,3.0,0.0,0.0
6364,1.0,72.0,72.0,72.0,1.0,5.0,0.0,0.0
6366,1.0,96.0,96.0,96.0,1.0,4.0,0.0,0.0
6372,1.0,69.0,69.0,69.0,1.0,5.0,0.0,0.0
6375,1.0,127.0,127.0,127.0,1.0,2.0,0.0,0.0
6388,1.0,256.0,256.0,256.0,1.0,4.0,0.0,0.0
6390,1.0,60.0,60.0,60.0,1.0,1.0,0.0,0.0
6411,1.0,105.0,105.0,105.0,1.0,3.0,0.0,0.0
6416,1.0,83.0,83.0,83.0,1.0,9.0,1.0,0.1111111111111111
6421,1.0,632.0,632.0,632.0,1.0,2.0,0.0,0.0
6445,1.0,74.0,74.0,74.0,1.0,3.0,0.0,0.0
1098,1.0,95.0,95.0,95.0,1.0,3.0,0.0,0.0
6451,1.0,231.0,231.0,231.0,1.0,3.0,0.0,0.0
6462,1.0,765.0,765.0,765.0,1.0,3.0,0.0,0.0
6470,1.0,86.0,86.0,86.0,1.0,1.0,0.0,0.0
6473,1.0,161.0,161.0,161.0,1.0,1.0,0.0,0.0
1109,1.0,432.0,432.0,432.0,1.0,4.0,0.0,0.0
1110,1.0,673.0,673.0,673.0,1.0,3.0,0.0,0.0
1114,1.0,31.0,31.0,31.0,1.0,6.0,0.0,0.0
6514,1.0,145.0,145.0,145.0,1.0,5.0,0.0,0.0
6518,1.0,658.0,658.0,658.0,1.0,3.0,0.0,0.0
6526,1.0,231.0,231.0,231.0,1.0,2.0,1.0,0.5
6538,1.0,439.0,439.0,439.0,1.0,3.0,0.0,0.0
6548,1.0,178.0,178.0,178.0,1.0,4.0,0.0,0.0
6550,1.0,143.0,143.0,143.0,1.0,6.0,0.0,0.0
6555,1.0,87.0,87.0,87.0,1.0,0.0,0.0,0.0
6569,1.0,121.0,121.0,121.0,1.0,3.0,0.0,0.0
6573,1.0,217.0,217.0,217.0,1.0,2.0,0.0,0.0
6577,1.0,211.0,211.0,211.0,1.0,1.0,0.0,0.0
6588,1.0,366.0,366.0,366.0,1.0,3.0,0.0,0.0
6594,1.0,585.0,585.0,585.0,1.0,3.0,0.0,0.0
1115,1.0,42.0,42.0,42.0,1.0,4.0,0.0,0.0
6612,1.0,236.0,236.0,236.0,1.0,4.0,0.0,0.0
6643,1.0,46.0,46.0,46.0,1.0,4.0,0.0,0.0
6666,1.0,300.0,300.0,300.0,1.0,2.0,0.0,0.0
6668,1.0,57.0,57.0,57.0,1.0,9.0,0.0,0.0
1122,1.0,315.0,315.0,315.0,1.0,4.0,0.0,0.0
6703,1.0,515.0,515.0,515.0,1.0,4.0,0.0,0.0
6704,1.0,169.0,169.0,169.0,1.0,3.0,0.0,0.0
6712,1.0,126.0,126.0,126.0,1.0,5.0,0.0,0.0
1149,1.0,521.0,521.0,521.0,1.0,1.0,0.0,0.0
6729,1.0,20.0,20.0,20.0,1.0,4.0,1.0,0.25
9645,1.0,96.0,96.0,96.0,1.0,4.0,0.0,0.0
6766,1.0,250.0,250.0,250.0,1.0,3.0,0.0,0.0
1364,1.0,165.0,165.0,165.0,1.0,5.0,0.0,0.0
6787,1.0,669.0,669.0,669.0,1.0,3.0,0.0,0.0
6789,1.0,59.0,59.0,59.0,1.0,4.0,0.0,0.0
6801,1.0,15.0,15.0,15.0,1.0,4.0,0.0,0.0
6830,1.0,33.0,33.0,33.0,1.0,1.0,0.0,0.0
6831,1.0,311.0,311.0,311.0,1.0,6.0,0.0,0.0
6841,1.0,489.0,489.0,489.0,1.0,4.0,0.0,0.0
6865,1.0,36.0,36.0,36.0,1.0,5.0,0.0,0.0
6868,1.0,353.0,353.0,353.0,1.0,3.0,0.0,0.0
6874,1.0,390.0,390.0,390.0,1.0,0.0,0.0,0.0
1040,1.0,491.0,491.0,491.0,1.0,4.0,0.0,0.0
6886,1.0,16.0,16.0,16.0,1.0,2.0,0.0,0.0
6931,1.0,311.0,311.0,311.0,1.0,2.0,0.0,0.0
6933,1.0,13.0,13.0,13.0,1.0,2.0,0.0,0.0
1196,1.0,85.0,85.0,85.0,1.0,5.0,0.0,0.0
6940,1.0,300.0,300.0,300.0,1.0,3.0,0.0,0.0
6951,1.0,378.0,378.0,378.0,1.0,3.0,0.0,0.0
6955,1.0,219.0,219.0,219.0,1.0,2.0,0.0,0.0
6957,1.0,35.0,35.0,35.0,1.0,4.0,0.0,0.0
6958,1.0,244.0,244.0,244.0,1.0,2.0,0.0,0.0
6959,1.0,468.0,468.0,468.0,1.0,3.0,0.0,0.0
6960,1.0,538.0,538.0,538.0,1.0,4.0,0.0,0.0
6963,1.0,381.0,381.0,381.0,1.0,2.0,0.0,0.0
6964,1.0,133.0,133.0,133.0,1.0,3.0,0.0,0.0
6966,1.0,101.0,101.0,101.0,1.0,7.0,0.0,0.0
6972,1.0,436.0,436.0,436.0,1.0,2.0,0.0,0.0
1231,1.0,568.0,568.0,568.0,1.0,2.0,0.0,0.0
6980,1.0,440.0,440.0,440.0,1.0,5.0,0.0,0.0
7009,1.0,326.0,326.0,326.0,1.0,2.0,0.0,0.0
7020,1.0,3.0,3.0,3.0,1.0,2.0,0.0,0.0
7024,1.0,388.0,388.0,388.0,1.0,2.0,0.0,0.0
1235,1.0,139.0,139.0,139.0,1.0,6.0,0.0,0.0
7041,1.0,304.0,304.0,304.0,1.0,4.0,0.0,0.0
7048,1.0,176.0,176.0,176.0,1.0,1.0,0.0,0.0
7054,1.0,205.0,205.0,205.0,1.0,3.0,0.0,0.0
7057,1.0,113.0,113.0,113.0,1.0,5.0,0.0,0.0
7064,1.0,571.0,571.0,571.0,1.0,3.0,0.0,0.0
7066,1.0,112.0,112.0,112.0,1.0,4.0,0.0,0.0
7068,1.0,242.0,242.0,242.0,1.0,1.0,0.0,0.0
1237,1.0,298.0,298.0,298.0,1.0,5.0,0.0,0.0
7080,1.0,342.0,342.0,342.0,1.0,4.0,0.0,0.0
1240,1.0,46.0,46.0,46.0,1.0,7.0,0.0,0.0
7119,1.0,3.0,3.0,3.0,1.0,3.0,0.0,0.0
7120,1.0,99.0,99.0,99.0,1.0,3.0,0.0,0.0
7122,1.0,21.0,21.0,21.0,1.0,1.0,0.0,0.0
7124,1.0,12.0,12.0,12.0,1.0,2.0,0.0,0.0
7149,1.0,597.0,597.0,597.0,1.0,1.0,0.0,0.0
7163,1.0,78.0,78.0,78.0,1.0,3.0,0.0,0.0
7169,1.0,2.0,2.0,2.0,1.0,3.0,0.0,0.0
7170,1.0,3.0,3.0,3.0,1.0,1.0,0.0,0.0
7171,1.0,333.0,333.0,333.0,1.0,3.0,0.0,0.0
7174,1.0,9.0,9.0,9.0,1.0,2.0,0.0,0.0
7225,1.0,350.0,350.0,350.0,1.0,4.0,0.0,0.0
1285,1.0,22.0,22.0,22.0,1.0,4.0,1.0,0.25
7246,1.0,53.0,53.0,53.0,1.0,2.0,0.0,0.0
7252,1.0,10.0,10.0,10.0,1.0,4.0,0.0,0.0
7275,1.0,39.0,39.0,39.0,1.0,2.0,0.0,0.0
7306,1.0,574.0,574.0,574.0,1.0,3.0,0.0,0.0
1312,1.0,318.0,318.0,318.0,1.0,5.0,0.0,0.0
7323,1.0,48.0,48.0,48.0,1.0,3.0,0.0,0.0
7377,1.0,49.0,49.0,49.0,1.0,5.0,1.0,0.2
7384,1.0,336.0,336.0,336.0,1.0,2.0,0.0,0.0
7399,1.0,73.0,73.0,73.0,1.0,0.0,0.0,0.0
1348,1.0,121.0,121.0,121.0,1.0,6.0,0.0,0.0
1351,1.0,101.0,101.0,101.0,1.0,1.0,0.0,0.0
7432,1.0,119.0,119.0,119.0,1.0,1.0,0.0,0.0
7455,1.0,7.0,7.0,7.0,1.0,5.0,1.0,0.2
7467,1.0,36.0,36.0,36.0,1.0,3.0,0.0,0.0
7480,1.0,97.0,97.0,97.0,1.0,4.0,0.0,0.0
7487,1.0,34.0,34.0,34.0,1.0,2.0,0.0,0.0
7493,1.0,504.0,504.0,504.0,1.0,1.0,0.0,0.0
7515,1.0,144.0,144.0,144.0,1.0,3.0,0.0,0.0
7526,1.0,229.0,229.0,229.0,1.0,1.0,0.0,0.0
7532,1.0,69.0,69.0,69.0,1.0,4.0,0.0,0.0
7540,1.0,667.0,667.0,667.0,1.0,3.0,0.0,0.0
1353,1.0,530.0,530.0,530.0,1.0,0.0,0.0,0.0
7545,1.0,73.0,73.0,73.0,1.0,3.0,0.0,0.0
7549,1.0,355.0,355.0,355.0,1.0,2.0,0.0,0.0
7564,1.0,39.0,39.0,39.0,1.0,5.0,0.0,0.0
7567,1.0,613.0,613.0,613.0,1.0,0.0,0.0,0.0
9829,1.0,70.0,70.0,70.0,1.0,4.0,0.0,0.0
7586,1.0,436.0,436.0,436.0,1.0,1.0,0.0,0.0
7598,1.0,23.0,23.0,23.0,1.0,4.0,0.0,0.0
7599,1.0,637.0,637.0,637.0,1.0,3.0,0.0,0.0
7605,1.0,36.0,36.0,36.0,1.0,2.0,1.0,0.5
7609,1.0,85.0,85.0,85.0,1.0,3.0,0.0,0.0
7621,1.0,53.0,53.0,53.0,1.0,2.0,0.0,0.0
1383,1.0,278.0,278.0,278.0,1.0,3.0,0.0,0.0
7647,1.0,240.0,240.0,240.0,1.0,5.0,1.0,0.2
7666,1.0,68.0,68.0,68.0,1.0,3.0,0.0,0.0
1384,1.0,84.0,84.0,84.0,1.0,2.0,0.0,0.0
1391,1.0,29.0,29.0,29.0,1.0,3.0,0.0,0.0
7681,1.0,119.0,119.0,119.0,1.0,4.0,0.0,0.0
7697,1.0,190.0,190.0,190.0,1.0,2.0,0.0,0.0
7701,1.0,212.0,212.0,212.0,1.0,3.0,0.0,0.0
7709,1.0,320.0,320.0,320.0,1.0,3.0,0.0,0.0
7712,1.0,118.0,118.0,118.0,1.0,3.0,0.0,0.0
7717,1.0,97.0,97.0,97.0,1.0,2.0,0.0,0.0
7751,1.0,31.0,31.0,31.0,1.0,3.0,0.0,0.0
1402,1.0,532.0,532.0,532.0,1.0,4.0,0.0,0.0
7762,1.0,41.0,41.0,41.0,1.0,3.0,0.0,0.0
7768,1.0,184.0,184.0,184.0,1.0,2.0,0.0,0.0
7770,1.0,282.0,282.0,282.0,1.0,2.0,0.0,0.0
7771,1.0,59.0,59.0,59.0,1.0,2.0,0.0,0.0
7780,1.0,117.0,117.0,117.0,1.0,1.0,0.0,0.0
7809,1.0,13.0,13.0,13.0,1.0,2.0,1.0,0.5
7818,1.0,278.0,278.0,278.0,1.0,4.0,0.0,0.0
7825,1.0,26.0,26.0,26.0,1.0,4.0,0.0,0.0
7841,1.0,507.0,507.0,507.0,1.0,1.0,0.0,0.0
7851,1.0,148.0,148.0,148.0,1.0,5.0,0.0,0.0
7853,1.0,269.0,269.0,269.0,1.0,8.0,0.0,0.0
1409,1.0,1.0,1.0,1.0,1.0,6.0,0.0,0.0
7889,1.0,289.0,289.0,289.0,1.0,1.0,0.0,0.0
7902,1.0,226.0,226.0,226.0,1.0,1.0,0.0,0.0
7903,1.0,151.0,151.0,151.0,1.0,3.0,0.0,0.0
7913,1.0,742.0,742.0,742.0,1.0,3.0,0.0,0.0
7919,1.0,220.0,220.0,220.0,1.0,2.0,0.0,0.0
7925,1.0,96.0,96.0,96.0,1.0,1.0,0.0,0.0
7942,1.0,142.0,142.0,142.0,1.0,1.0,0.0,0.0
7949,1.0,103.0,103.0,103.0,1.0,2.0,0.0,0.0
7965,1.0,288.0,288.0,288.0,1.0,4.0,0.0,0.0
7969,1.0,224.0,224.0,224.0,1.0,10.0,0.0,0.0
7979,1.0,134.0,134.0,134.0,1.0,4.0,0.0,0.0
7998,1.0,51.0,51.0,51.0,1.0,3.0,0.0,0.0
8008,1.0,81.0,81.0,81.0,1.0,3.0,0.0,0.0
8010,1.0,232.0,232.0,232.0,1.0,2.0,0.0,0.0
8011,1.0,212.0,212.0,212.0,1.0,3.0,0.0,0.0
8016,1.0,208.0,208.0,208.0,1.0,1.0,0.0,0.0
8022,1.0,62.0,62.0,62.0,1.0,6.0,0.0,0.0
8034,1.0,107.0,107.0,107.0,1.0,4.0,0.0,0.0
8050,1.0,42.0,42.0,42.0,1.0,5.0,1.0,0.2
8058,1.0,731.0,731.0,731.0,1.0,1.0,0.0,0.0
8070,1.0,265.0,265.0,265.0,1.0,3.0,0.0,0.0
8074,1.0,146.0,146.0,146.0,1.0,3.0,0.0,0.0
8088,1.0,208.0,208.0,208.0,1.0,5.0,1.0,0.2
8095,1.0,34.0,34.0,34.0,1.0,1.0,0.0,0.0
1411,1.0,321.0,321.0,321.0,1.0,2.0,0.0,0.0
8128,1.0,2.0,2.0,2.0,1.0,2.0,0.0,0.0
8130,1.0,19.0,19.0,19.0,1.0,3.0,0.0,0.0
8131,1.0,48.0,48.0,48.0,1.0,3.0,1.0,0.3333333333333333
8155,1.0,23.0,23.0,23.0,1.0,2.0,0.0,0.0
8165,1.0,228.0,228.0,228.0,1.0,3.0,0.0,0.0
8166,1.0,615.0,615.0,615.0,1.0,2.0,0.0,0.0
8206,1.0,1268.0,1268.0,1268.0,1.0,1.0,0.0,0.0
8217,1.0,63.0,63.0,63.0,1.0,3.0,0.0,0.0
8225,1.0,69.0,69.0,69.0,1.0,4.0,0.0,0.0
8236,1.0,25.0,25.0,25.0,1.0,2.0,0.0,0.0
8247,1.0,37.0,37.0,37.0,1.0,5.0,0.0,0.0
8260,1.0,394.0,394.0,394.0,1.0,1.0,0.0,0.0
8267,1.0,245.0,245.0,245.0,1.0,5.0,0.0,0.0
8269,1.0,291.0,291.0,291.0,1.0,4.0,0.0,0.0
8278,1.0,3.0,3.0,3.0,1.0,1.0,0.0,0.0
8295,1.0,269.0,269.0,269.0,1.0,2.0,0.0,0.0
8302,1.0,263.0,263.0,263.0,1.0,3.0,0.0,0.0
8306,1.0,211.0,211.0,211.0,1.0,6.0,0.0,0.0
8312,1.0,40.0,40.0,40.0,1.0,3.0,0.0,0.0
8322,1.0,436.0,436.0,436.0,1.0,1.0,0.0,0.0
8345,1.0,50.0,50.0,50.0,1.0,3.0,0.0,0.0
8351,1.0,236.0,236.0,236.0,1.0,5.0,0.0,0.0
8352,1.0,115.0,115.0,115.0,1.0,4.0,0.0,0.0
8354,1.0,184.0,184.0,184.0,1.0,2.0,0.0,0.0
8355,1.0,420.0,420.0,420.0,1.0,2.0,0.0,0.0
1443,1.0,57.0,57.0,57.0,1.0,2.0,0.0,0.0
8374,1.0,539.0,539.0,539.0,1.0,1.0,0.0,0.0
8407,1.0,300.0,300.0,300.0,1.0,3.0,0.0,0.0
8408,1.0,117.0,117.0,117.0,1.0,2.0,0.0,0.0
8421,1.0,256.0,256.0,256.0,1.0,6.0,0.0,0.0
8431,1.0,200.0,200.0,200.0,1.0,4.0,1.0,0.25
8448,1.0,331.0,331.0,331.0,1.0,1.0,0.0,0.0
8449,1.0,13.0,13.0,13.0,1.0,5.0,0.0,0.0
8462,1.0,119.0,119.0,119.0,1.0,3.0,0.0,0.0
8463,1.0,571.0,571.0,571.0,1.0,2.0,0.0,0.0
8469,1.0,237.0,237.0,237.0,1.0,4.0,0.0,0.0
8476,1.0,134.0,134.0,134.0,1.0,4.0,0.0,0.0
8494,1.0,5.0,5.0,5.0,1.0,4.0,0.0,0.0
8502,1.0,187.0,187.0,187.0,1.0,4.0,0.0,0.0
8504,1.0,448.0,448.0,448.0,1.0,1.0,0.0,0.0
8508,1.0,181.0,181.0,181.0,1.0,3.0,0.0,0.0
8512,1.0,141.0,141.0,141.0,1.0,1.0,0.0,0.0
8552,1.0,204.0,204.0,204.0,1.0,3.0,1.0,0.3333333333333333
8555,1.0,430.0,430.0,430.0,1.0,3.0,0.0,0.0
8560,1.0,552.0,552.0,552.0,1.0,4.0,0.0,0.0
8567,1.0,46.0,46.0,46.0,1.0,4.0,0.0,0.0
8574,1.0,376.0,376.0,376.0,1.0,2.0,0.0,0.0
8578,1.0,8.0,8.0,8.0,1.0,4.0,0.0,0.0
8595,1.0,129.0,129.0,129.0,1.0,6.0,0.0,0.0
8601,1.0,453.0,453.0,453.0,1.0,1.0,0.0,0.0
8605,1.0,232.0,232.0,232.0,1.0,6.0,0.0,0.0
8625,1.0,65.0,65.0,65.0,1.0,6.0,0.0,0.0
8630,1.0,111.0,111.0,111.0,1.0,2.0,0.0,0.0
1444,1.0,64.0,64.0,64.0,1.0,3.0,0.0,0.0
8645,1.0,318.0,318.0,318.0,1.0,3.0,0.0,0.0
8674,1.0,635.0,635.0,635.0,1.0,2.0,0.0,0.0
8682,1.0,375.0,375.0,375.0,1.0,2.0,0.0,0.0
8692,1.0,751.0,751.0,751.0,1.0,2.0,0.0,0.0
8727,1.0,204.0,204.0,204.0,1.0,3.0,1.0,0.3333333333333333
8757,1.0,149.0,149.0,149.0,1.0,2.0,0.0,0.0
8758,1.0,138.0,138.0,138.0,1.0,5.0,0.0,0.0
1446,1.0,67.0,67.0,67.0,1.0,6.0,0.0,0.0
8807,1.0,89.0,89.0,89.0,1.0,4.0,0.0,0.0
8818,1.0,253.0,253.0,253.0,1.0,5.0,0.0,0.0
8820,1.0,1.0,1.0,1.0,1.0,0.0,0.0,0.0
8828,1.0,188.0,188.0,188.0,1.0,4.0,1.0,0.25
8847,1.0,111.0,111.0,111.0,1.0,2.0,0.0,0.0
8848,1.0,98.0,98.0,98.0,1.0,5.0,0.0,0.0
8862,1.0,22.0,22.0,22.0,1.0,3.0,0.0,0.0
8866,1.0,146.0,146.0,146.0,1.0,4.0,0.0,0.0
8868,1.0,207.0,207.0,207.0,1.0,5.0,0.0,0.0
8870,1.0,268.0,268.0,268.0,1.0,3.0,0.0,0.0
8896,1.0,394.0,394.0,394.0,1.0,4.0,0.0,0.0
8904,1.0,89.0,89.0,89.0,1.0,2.0,0.0,0.0
8911,1.0,28.0,28.0,28.0,1.0,5.0,0.0,0.0
8927,1.0,32.0,32.0,32.0,1.0,4.0,0.0,0.0
8947,1.0,63.0,63.0,63.0,1.0,2.0,0.0,0.0
8960,1.0,109.0,109.0,109.0,1.0,4.0,0.0,0.0
8975,1.0,88.0,88.0,88.0,1.0,4.0,0.0,0.0
8976,1.0,191.0,191.0,191.0,1.0,3.0,0.0,0.0
8977,1.0,137.0,137.0,137.0,1.0,5.0,0.0,0.0
8998,1.0,96.0,96.0,96.0,1.0,3.0,0.0,0.0
9014,1.0,421.0,421.0,421.0,1.0,3.0,0.0,0.0
1449,1.0,426.0,426.0,426.0,1.0,4.0,0.0,0.0
9036,1.0,9.0,9.0,9.0,1.0,5.0,0.0,0.0
1455,1.0,116.0,116.0,116.0,1.0,4.0,1.0,0.25
9066,1.0,81.0,81.0,81.0,1.0,1.0,0.0,0.0
9079,1.0,29.0,29.0,29.0,1.0,4.0,0.0,0.0
9099,1.0,403.0,403.0,403.0,1.0,3.0,0.0,0.0
1458,1.0,534.0,534.0,534.0,1.0,6.0,0.0,0.0
1474,1.0,97.0,97.0,97.0,1.0,4.0,0.0,0.0
9108,1.0,68.0,68.0,68.0,1.0,4.0,0.0,0.0
1477,1.0,186.0,186.0,186.0,1.0,2.0,0.0,0.0
9122,1.0,84.0,84.0,84.0,1.0,4.0,0.0,0.0
9154,1.0,232.0,232.0,232.0,1.0,4.0,0.0,0.0
9167,1.0,631.0,631.0,631.0,1.0,2.0,0.0,0.0
9172,1.0,83.0,83.0,83.0,1.0,3.0,0.0,0.0
9210,1.0,532.0,532.0,532.0,1.0,6.0,1.0,0.16666666666666666
9218,1.0,604.0,604.0,604.0,1.0,4.0,0.0,0.0
9219,1.0,665.0,665.0,665.0,1.0,0.0,0.0,0.0
9220,1.0,87.0,87.0,87.0,1.0,2.0,0.0,0.0
9234,1.0,382.0,382.0,382.0,1.0,2.0,0.0,0.0
9248,1.0,8.0,8.0,8.0,1.0,3.0,0.0,0.0
1490,1.0,147.0,147.0,147.0,1.0,3.0,0.0,0.0
9259,1.0,294.0,294.0,294.0,1.0,2.0,1.0,0.5
9279,1.0,78.0,78.0,78.0,1.0,4.0,0.0,0.0
9293,1.0,473.0,473.0,473.0,1.0,3.0,0.0,0.0
9300,1.0,50.0,50.0,50.0,1.0,2.0,0.0,0.0
9302,1.0,127.0,127.0,127.0,1.0,5.0,0.0,0.0
9319,1.0,32.0,32.0,32.0,1.0,4.0,0.0,0.0
9332,1.0,633.0,633.0,633.0,1.0,1.0,0.0,0.0
9333,1.0,90.0,90.0,90.0,1.0,3.0,0.0,0.0
9345,1.0,296.0,296.0,296.0,1.0,3.0,1.0,0.3333333333333333
9348,1.0,727.0,727.0,727.0,1.0,4.0,0.0,0.0
1493,1.0,95.0,95.0,95.0,1.0,4.0,0.0,0.0
9355,1.0,364.0,364.0,364.0,1.0,1.0,0.0,0.0
9377,1.0,22.0,22.0,22.0,1.0,3.0,0.0,0.0
1497,1.0,2.0,2.0,2.0,1.0,4.0,0.0,0.0
9384,1.0,185.0,185.0,185.0,1.0,3.0,0.0,0.0
9393,1.0,64.0,64.0,64.0,1.0,4.0,0.0,0.0
9395,1.0,270.0,270.0,270.0,1.0,1.0,0.0,0.0
9411,1.0,19.0,19.0,19.0,1.0,2.0,0.0,0.0
1501,1.0,337.0,337.0,337.0,1.0,1.0,0.0,0.0
9470,1.0,376.0,376.0,376.0,1.0,2.0,0.0,0.0
9474,1.0,127.0,127.0,127.0,1.0,2.0,0.0,0.0
9482,1.0,573.0,573.0,573.0,1.0,0.0,0.0,0.0
9502,1.0,29.0,29.0,29.0,1.0,1.0,0.0,0.0
9536,1.0,120.0,120.0,120.0,1.0,4.0,0.0,0.0
9541,1.0,133.0,133.0,133.0,1.0,2.0,0.0,0.0
9543,1.0,350.0,350.0,350.0,1.0,6.0,0.0,0.0
9549,1.0,58.0,58.0,58.0,1.0,5.0,0.0,0.0
9554,1.0,405.0,405.0,405.0,1.0,4.0,0.0,0.0
9585,1.0,48.0,48.0,48.0,1.0,3.0,0.0,0.0
9591,1.0,79.0,79.0,79.0,1.0,3.0,0.0,0.0
9613,1.0,156.0,156.0,156.0,1.0,2.0,0.0,0.0
9615,1.0,116.0,116.0,116.0,1.0,5.0,0.0,0.0
9616,1.0,109.0,109.0,109.0,1.0,2.0,0.0,0.0
9628,1.0,407.0,407.0,407.0,1.0,6.0,0.0,0.0
9835,1.0,366.0,366.0,366.0,1.0,3.0,0.0,0.0
9669,1.0,244.0,244.0,244.0,1.0,3.0,0.0,0.0
9674,1.0,370.0,370.0,370.0,1.0,2.0,0.0,0.0
9687,1.0,367.0,367.0,367.0,1.0,3.0,0.0,0.0
9710,1.0,5.0,5.0,5.0,1.0,3.0,0.0,0.0
9724,1.0,396.0,396.0,396.0,1.0,2.0,0.0,0.0
9728,1.0,61.0,61.0,61.0,1.0,4.0,0.0,0.0
9739,1.0,402.0,402.0,402.0,1.0,3.0,0.0,0.0
9743,1.0,33.0,33.0,33.0,1.0,4.0,1.0,0.25
9765,1.0,32.0,32.0,32.0,1.0,7.0,0.0,0.0
9772,1.0,347.0,347.0,347.0,1.0,1.0,0.0,0.0
9804,1.0,176.0,176.0,176.0,1.0,2.0,0.0,0.0
1518,1.0,203.0,203.0,203.0,1.0,1.0,0.0,0.0
9811,1.0,113.0,113.0,113.0,1.0,2.0,0.0,0.0
9824,1.0,144.0,144.0,144.0,1.0,2.0,0.0,0.0
9992,1.0,47.0,47.0,47.0,1.0,3.0,0.0,0.0
1153,1.0,87.0,87.0,87.0,1.0,6.0,0.0,0.0
9839,1.0,249.0,249.0,249.0,1.0,2.0,0.0,0.0
9843,1.0,786.0,786.0,786.0,1.0,2.0,0.0,0.0
9859,1.0,8.0,8.0,8.0,1.0,5.0,0.0,0.0
9867,1.0,102.0,102.0,102.0,1.0,8.0,0.0,0.0
9874,1.0,479.0,479.0,479.0,1.0,3.0,0.0,0.0
9883,1.0,110.0,110.0,110.0,1.0,3.0,0.0,0.0
1529,1.0,161.0,161.0,161.0,1.0,3.0,0.0,0.0
9909,1.0,35.0,35.0,35.0,1.0,3.0,0.0,0.0
1530,1.0,194.0,194.0,194.0,1.0,4.0,0.0,0.0
9924,1.0,182.0,182.0,182.0,1.0,1.0,0.0,0.0
9927,1.0,13.0,13.0,13.0,1.0,7.0,0.0,0.0
9935,1.0,380.0,380.0,380.0,1.0,1.0,0.0,0.0
9947,1.0,223.0,223.0,223.0,1.0,3.0,0.0,0.0
9991,1.0,131.0,131.0,131.0,1.0,3.0,0.0,0.0
1043,1.0,29.0,29.0,29.0,1.0,1.0,0.0,0.0
